gene,lable
hsa-let-7a-5p,1
hsa-let-7b-5p,1
hsa-let-7c-5p,1
hsa-let-7d-5p,1
hsa-let-7e-5p,1
hsa-let-7f-5p,1
hsa-let-7g-5p,1
hsa-let-7i-5p,1
hsa-miR-1-3p,1
hsa-miR-100-5p,1
hsa-miR-101-5p,1
hsa-miR-101-3p,1
hsa-miR-103a-3p,1
hsa-miR-103a-2-5p,1
hsa-miR-103b,1
hsa-miR-105-5p,1
hsa-miR-106a-5p,1
hsa-miR-106b-5p,1
hsa-miR-107,1
hsa-miR-10a-5p,1
hsa-miR-10b-5p,1
hsa-miR-1178-5p,1
hsa-miR-1179,1
hsa-miR-1180-5p,1
hsa-miR-1181,1
hsa-miR-1182,1
hsa-miR-1183,1
hsa-miR-1184,1
hsa-miR-1185-5p,1
hsa-miR-1193,1
hsa-miR-1197,1
hsa-miR-1199-5p,1
hsa-miR-1200,1
hsa-miR-1202,1
hsa-miR-1203,1
hsa-miR-1204,1
hsa-miR-1205,1
hsa-miR-1206,1
hsa-miR-1207-5p,1
hsa-miR-1208,1
hsa-miR-122-5p,1
hsa-miR-1224-5p,1
hsa-miR-1225-5p,1
hsa-miR-1226-5p,1
hsa-miR-1227-5p,1
hsa-miR-1228-5p,1
hsa-miR-1229-5p,1
hsa-miR-1231,1
hsa-miR-1233-5p,1
hsa-miR-1234-3p,1
hsa-miR-1236-5p,1
hsa-miR-1237-5p,1
hsa-miR-1238-5p,1
hsa-miR-124-5p,1
hsa-miR-1243,1
hsa-miR-1244,1
hsa-miR-1245a,1
hsa-miR-1245b-5p,1
hsa-miR-1246,1
hsa-miR-1247-5p,1
hsa-miR-1248,1
hsa-miR-1249-3p,1
hsa-miR-1250-5p,1
hsa-miR-1251-5p,1
hsa-miR-1252-5p,1
hsa-miR-1253,1
hsa-miR-1254,1
hsa-miR-1255a,1
hsa-miR-1255b-5p,1
hsa-miR-1256,1
hsa-miR-1257,1
hsa-miR-1258,1
hsa-miR-125a-5p,1
hsa-miR-125b-5p,1
hsa-miR-126-5p,1
hsa-miR-1260a,1
hsa-miR-1260b,1
hsa-miR-1261,1
hsa-miR-1262,1
hsa-miR-1263,1
hsa-miR-1264,1
hsa-miR-1265,1
hsa-miR-1266-5p,1
hsa-miR-1267,1
hsa-miR-1268a,1
hsa-miR-1268b,1
hsa-miR-1269a,1
hsa-miR-1269b,1
hsa-miR-127-5p,1
hsa-miR-1270,1
hsa-miR-1271-5p,1
hsa-miR-1272,1
hsa-miR-1273a,1
hsa-miR-1273c,1
hsa-miR-1273d,1
hsa-miR-1273f,1
hsa-miR-1273g-5p,1
hsa-miR-1273h-5p,1
hsa-miR-1275,1
hsa-miR-1276,1
hsa-miR-1277-5p,1
hsa-miR-1278,1
hsa-miR-1279,1
hsa-miR-128-1-5p,1
hsa-miR-128-2-5p,1
hsa-miR-1281,1
hsa-miR-1282,1
hsa-miR-1283,1
hsa-miR-1284,1
hsa-miR-1285-5p,1
hsa-miR-1285-3p,1
hsa-miR-1286,1
hsa-miR-1287-5p,1
hsa-miR-1288-5p,1
hsa-miR-1289,1
hsa-miR-129-5p,1
hsa-miR-1290,1
hsa-miR-1291,1
hsa-miR-1292-5p,1
hsa-miR-1293,1
hsa-miR-1294,1
hsa-miR-1295a,1
hsa-miR-1295b-5p,1
hsa-miR-1296-5p,1
hsa-miR-1297,1
hsa-miR-1298-5p,1
hsa-miR-1299,1
hsa-miR-1301-5p,1
hsa-miR-1302,1
hsa-miR-1303,1
hsa-miR-1304-5p,1
hsa-miR-1305,1
hsa-miR-1306-5p,1
hsa-miR-1307-5p,1
hsa-miR-130a-5p,1
hsa-miR-130b-5p,1
hsa-miR-132-5p,1
hsa-miR-1321,1
hsa-miR-1322,1
hsa-miR-1323,1
hsa-miR-1324,1
hsa-miR-133a-5p,1
hsa-miR-133b,1
hsa-miR-134-5p,1
hsa-miR-1343-5p,1
hsa-miR-135a-5p,1
hsa-miR-135b-5p,1
hsa-miR-136-5p,1
hsa-miR-137,1
hsa-miR-138-5p,1
hsa-miR-139-5p,1
hsa-miR-140-5p,1
hsa-miR-141-5p,1
hsa-miR-142-5p,1
hsa-miR-143-5p,1
hsa-miR-144-5p,1
hsa-miR-145-5p,1
hsa-miR-1468-5p,1
hsa-miR-1469,1
hsa-miR-146a-5p,1
hsa-miR-146b-5p,1
hsa-miR-1470,1
hsa-miR-1471,1
hsa-miR-147a,1
hsa-miR-147b,1
hsa-miR-148a-5p,1
hsa-miR-148b-5p,1
hsa-miR-149-5p,1
hsa-miR-150-5p,1
hsa-miR-151a-5p,1
hsa-miR-151b,1
hsa-miR-152-5p,1
hsa-miR-153-3p,1
hsa-miR-153-5p,1
hsa-miR-1537-5p,1
hsa-miR-1538,1
hsa-miR-1539,1
hsa-miR-154-5p,1
hsa-miR-155-5p,1
hsa-miR-1587,1
hsa-miR-15a-5p,1
hsa-miR-15b-5p,1
hsa-miR-16-5p,1
hsa-miR-17-5p,1
hsa-miR-181a-5p,1
hsa-miR-181b-5p,1
hsa-miR-181c-5p,1
hsa-miR-181d-5p,1
hsa-miR-182-5p,1
hsa-miR-1825,1
hsa-miR-1827,1
hsa-miR-183-5p,1
hsa-miR-184,1
hsa-miR-185-5p,1
hsa-miR-186-5p,1
hsa-miR-187-5p,1
hsa-miR-188-5p,1
hsa-miR-18a-5p,1
hsa-miR-18b-5p,1
hsa-miR-1908-5p,1
hsa-miR-1909-5p,1
hsa-miR-190a-5p,1
hsa-miR-190b,1
hsa-miR-191-5p,1
hsa-miR-1910-5p,1
hsa-miR-1911-5p,1
hsa-miR-1912,1
hsa-miR-1913,1
hsa-miR-1914-5p,1
hsa-miR-1915-5p,1
hsa-miR-192-5p,1
hsa-miR-193a-5p,1
hsa-miR-193b-5p,1
hsa-miR-194-5p,1
hsa-miR-195-5p,1
hsa-miR-196a-5p,1
hsa-miR-196b-5p,1
hsa-miR-197-5p,1
hsa-miR-1972,1
hsa-miR-1973,1
hsa-miR-1976,1
hsa-miR-198,1
hsa-miR-199a-5p,1
hsa-miR-199b-5p,1
hsa-miR-19a-5p,1
hsa-miR-19b-1-5p,1
hsa-miR-19b-2-5p,1
hsa-miR-200a-5p,1
hsa-miR-200b-5p,1
hsa-miR-200c-5p,1
hsa-miR-202-5p,1
hsa-miR-203a-3p,1
hsa-miR-203b-5p,1
hsa-miR-204-5p,1
hsa-miR-205-5p,1
hsa-miR-2052,1
hsa-miR-2053,1
hsa-miR-2054,1
hsa-miR-206,1
hsa-miR-208a-5p,1
hsa-miR-208b-5p,1
hsa-miR-20a-5p,1
hsa-miR-20b-5p,1
hsa-miR-21-5p,1
hsa-miR-210-5p,1
hsa-miR-211-5p,1
hsa-miR-2110,1
hsa-miR-2113,1
hsa-miR-2114-5p,1
hsa-miR-2115-5p,1
hsa-miR-2116-5p,1
hsa-miR-2117,1
hsa-miR-212-5p,1
hsa-miR-214-5p,1
hsa-miR-215-5p,1
hsa-miR-216a-5p,1
hsa-miR-216b-5p,1
hsa-miR-217,1
hsa-miR-218-5p,1
hsa-miR-219a-5p,1
hsa-miR-219b-5p,1
hsa-miR-22-5p,1
hsa-miR-221-5p,1
hsa-miR-222-5p,1
hsa-miR-223-5p,1
hsa-miR-224-5p,1
hsa-miR-2276-5p,1
hsa-miR-2277-5p,1
hsa-miR-2278,1
hsa-miR-2355-5p,1
hsa-miR-2392,1
hsa-miR-23a-5p,1
hsa-miR-23b-5p,1
hsa-miR-23c,1
hsa-miR-24-1-5p,1
hsa-miR-24-2-5p,1
hsa-miR-2467-5p,1
hsa-miR-25-5p,1
hsa-miR-2681-5p,1
hsa-miR-2682-5p,1
hsa-miR-26a-5p,1
hsa-miR-26b-5p,1
hsa-miR-27a-5p,1
hsa-miR-27b-5p,1
hsa-miR-28-5p,1
hsa-miR-2861,1
hsa-miR-2909,1
hsa-miR-296-5p,1
hsa-miR-297,1
hsa-miR-298,1
hsa-miR-299-5p,1
hsa-miR-29a-5p,1
hsa-miR-29b-1-5p,1
hsa-miR-29b-2-5p,1
hsa-miR-29c-5p,1
hsa-miR-300,1
hsa-miR-301a-5p,1
hsa-miR-301b-3p,1
hsa-miR-302a-5p,1
hsa-miR-302b-5p,1
hsa-miR-302c-5p,1
hsa-miR-302d-5p,1
hsa-miR-302e,1
hsa-miR-302f,1
hsa-miR-3064-5p,1
hsa-miR-3065-5p,1
hsa-miR-3074-5p,1
hsa-miR-30a-5p,1
hsa-miR-30b-5p,1
hsa-miR-30c-5p,1
hsa-miR-30d-5p,1
hsa-miR-30e-5p,1
hsa-miR-31-5p,1
hsa-miR-3115,1
hsa-miR-3116,1
hsa-miR-3117-5p,1
hsa-miR-3118,1
hsa-miR-3119,1
hsa-miR-3120-5p,1
hsa-miR-3121-5p,1
hsa-miR-3122,1
hsa-miR-3123,1
hsa-miR-3124-5p,1
hsa-miR-3125,1
hsa-miR-3126-5p,1
hsa-miR-3127-5p,1
hsa-miR-3128,1
hsa-miR-3129-5p,1
hsa-miR-3130-5p,1
hsa-miR-3131,1
hsa-miR-3132,1
hsa-miR-3133,1
hsa-miR-3134,1
hsa-miR-3135a,1
hsa-miR-3135b,1
hsa-miR-3136-5p,1
hsa-miR-3137,1
hsa-miR-3138,1
hsa-miR-3139,1
hsa-miR-3140-5p,1
hsa-miR-3141,1
hsa-miR-3142,1
hsa-miR-3143,1
hsa-miR-3144-5p,1
hsa-miR-3145-5p,1
hsa-miR-3146,1
hsa-miR-3147,1
hsa-miR-3148,1
hsa-miR-3149,1
hsa-miR-3150a-5p,1
hsa-miR-3150b-5p,1
hsa-miR-3151-5p,1
hsa-miR-3152-5p,1
hsa-miR-3153,1
hsa-miR-3154,1
hsa-miR-3155a,1
hsa-miR-3155b,1
hsa-miR-3156-5p,1
hsa-miR-3157-5p,1
hsa-miR-3158-5p,1
hsa-miR-3159,1
hsa-miR-3160-5p,1
hsa-miR-3161,1
hsa-miR-3162-5p,1
hsa-miR-3163,1
hsa-miR-3164,1
hsa-miR-3165,1
hsa-miR-3166,1
hsa-miR-3167,1
hsa-miR-3168,1
hsa-miR-3169,1
hsa-miR-3170,1
hsa-miR-3171,1
hsa-miR-3173-5p,1
hsa-miR-3174,1
hsa-miR-3175,1
hsa-miR-3176,1
hsa-miR-3177-5p,1
hsa-miR-3178,1
hsa-miR-3179,1
hsa-miR-3180-5p,1
hsa-miR-3180,1
hsa-miR-3181,1
hsa-miR-3182,1
hsa-miR-3183,1
hsa-miR-3184-5p,1
hsa-miR-3185,1
hsa-miR-3186-5p,1
hsa-miR-3187-5p,1
hsa-miR-3188,1
hsa-miR-3189-5p,1
hsa-miR-3190-5p,1
hsa-miR-3191-5p,1
hsa-miR-3192-5p,1
hsa-miR-3193,1
hsa-miR-3194-5p,1
hsa-miR-3195,1
hsa-miR-3196,1
hsa-miR-3197,1
hsa-miR-3198,1
hsa-miR-3199,1
hsa-miR-32-5p,1
hsa-miR-3200-5p,1
hsa-miR-3201,1
hsa-miR-3202,1
hsa-miR-320a,1
hsa-miR-320b,1
hsa-miR-320c,1
hsa-miR-320d,1
hsa-miR-320e,1
hsa-miR-323a-5p,1
hsa-miR-323b-5p,1
hsa-miR-324-5p,1
hsa-miR-325,1
hsa-miR-326,1
hsa-miR-328-5p,1
hsa-miR-329-5p,1
hsa-miR-330-5p,1
hsa-miR-331-5p,1
hsa-miR-335-5p,1
hsa-miR-337-5p,1
hsa-miR-338-5p,1
hsa-miR-339-5p,1
hsa-miR-33a-5p,1
hsa-miR-33b-5p,1
hsa-miR-340-5p,1
hsa-miR-342-5p,1
hsa-miR-345-5p,1
hsa-miR-346,1
hsa-miR-34a-5p,1
hsa-miR-34b-5p,1
hsa-miR-34c-5p,1
hsa-miR-3529-5p,1
hsa-miR-3591-5p,1
hsa-miR-3605-5p,1
hsa-miR-3606-5p,1
hsa-miR-3607-5p,1
hsa-miR-3609,1
hsa-miR-361-5p,1
hsa-miR-3610,1
hsa-miR-3611,1
hsa-miR-3612,1
hsa-miR-3613-5p,1
hsa-miR-3614-5p,1
hsa-miR-3615,1
hsa-miR-3616-5p,1
hsa-miR-3617-5p,1
hsa-miR-3618,1
hsa-miR-3619-5p,1
hsa-miR-362-5p,1
hsa-miR-3620-5p,1
hsa-miR-3621,1
hsa-miR-3622a-5p,1
hsa-miR-3622b-5p,1
hsa-miR-363-5p,1
hsa-miR-3646,1
hsa-miR-3648,1
hsa-miR-3649,1
hsa-miR-3650,1
hsa-miR-3651,1
hsa-miR-3652,1
hsa-miR-3653-3p,1
hsa-miR-3654,1
hsa-miR-3655,1
hsa-miR-3656,1
hsa-miR-3657,1
hsa-miR-3658,1
hsa-miR-3659,1
hsa-miR-365a-5p,1
hsa-miR-365b-5p,1
hsa-miR-3660,1
hsa-miR-3661,1
hsa-miR-3662,1
hsa-miR-3663-5p,1
hsa-miR-3664-5p,1
hsa-miR-3665,1
hsa-miR-3666,1
hsa-miR-3667-5p,1
hsa-miR-3668,1
hsa-miR-3669,1
hsa-miR-367-5p,1
hsa-miR-3670,1
hsa-miR-3671,1
hsa-miR-3672,1
hsa-miR-3673,1
hsa-miR-3674,1
hsa-miR-3675-5p,1
hsa-miR-3677-5p,1
hsa-miR-3678-5p,1
hsa-miR-3679-5p,1
hsa-miR-3680-5p,1
hsa-miR-3681-5p,1
hsa-miR-3682-5p,1
hsa-miR-3683,1
hsa-miR-3684,1
hsa-miR-3685,1
hsa-miR-3686,1
hsa-miR-3687,1
hsa-miR-3688-5p,1
hsa-miR-3689a-5p,1
hsa-miR-3689b-5p,1
hsa-miR-3689c,1
hsa-miR-3689d,1
hsa-miR-3689e,1
hsa-miR-3689f,1
hsa-miR-369-5p,1
hsa-miR-3690,1
hsa-miR-3691-5p,1
hsa-miR-3692-5p,1
hsa-miR-370-5p,1
hsa-miR-3713,1
hsa-miR-3714,1
hsa-miR-371a-5p,1
hsa-miR-371b-5p,1
hsa-miR-372-5p,1
hsa-miR-373-5p,1
hsa-miR-374a-5p,1
hsa-miR-374b-5p,1
hsa-miR-374c-5p,1
hsa-miR-375,1
hsa-miR-376a-5p,1
hsa-miR-376a-2-5p,1
hsa-miR-376b-5p,1
hsa-miR-376c-5p,1
hsa-miR-377-5p,1
hsa-miR-378a-5p,1
hsa-miR-378b,1
hsa-miR-378c,1
hsa-miR-378d,1
hsa-miR-378e,1
hsa-miR-378f,1
hsa-miR-378g,1
hsa-miR-378h,1
hsa-miR-378i,1
hsa-miR-378j,1
hsa-miR-379-5p,1
hsa-miR-380-5p,1
hsa-miR-381-5p,1
hsa-miR-382-5p,1
hsa-miR-383-5p,1
hsa-miR-384,1
hsa-miR-3907,1
hsa-miR-3908,1
hsa-miR-3909,1
hsa-miR-3910,1
hsa-miR-3911,1
hsa-miR-3912-5p,1
hsa-miR-3913-5p,1
hsa-miR-3914,1
hsa-miR-3915,1
hsa-miR-3916,1
hsa-miR-3917,1
hsa-miR-3918,1
hsa-miR-3919,1
hsa-miR-3920,1
hsa-miR-3921,1
hsa-miR-3922-5p,1
hsa-miR-3923,1
hsa-miR-3924,1
hsa-miR-3925-5p,1
hsa-miR-3926,1
hsa-miR-3927-5p,1
hsa-miR-3928-5p,1
hsa-miR-3929,1
hsa-miR-3934-5p,1
hsa-miR-3935,1
hsa-miR-3936,1
hsa-miR-3937,1
hsa-miR-3938,1
hsa-miR-3939,1
hsa-miR-3940-5p,1
hsa-miR-3941,1
hsa-miR-3942-5p,1
hsa-miR-3943,1
hsa-miR-3944-5p,1
hsa-miR-3945,1
hsa-miR-3960,1
hsa-miR-3972,1
hsa-miR-3973,1
hsa-miR-3974,1
hsa-miR-3975,1
hsa-miR-3976,1
hsa-miR-3977,1
hsa-miR-3978,1
hsa-miR-409-5p,1
hsa-miR-410-5p,1
hsa-miR-411-5p,1
hsa-miR-412-5p,1
hsa-miR-421,1
hsa-miR-422a,1
hsa-miR-423-5p,1
hsa-miR-424-5p,1
hsa-miR-425-5p,1
hsa-miR-4251,1
hsa-miR-4252,1
hsa-miR-4253,1
hsa-miR-4254,1
hsa-miR-4255,1
hsa-miR-4256,1
hsa-miR-4257,1
hsa-miR-4258,1
hsa-miR-4259,1
hsa-miR-4260,1
hsa-miR-4261,1
hsa-miR-4262,1
hsa-miR-4263,1
hsa-miR-4264,1
hsa-miR-4265,1
hsa-miR-4266,1
hsa-miR-4267,1
hsa-miR-4268,1
hsa-miR-4269,1
hsa-miR-4270,1
hsa-miR-4271,1
hsa-miR-4272,1
hsa-miR-4273,1
hsa-miR-4274,1
hsa-miR-4275,1
hsa-miR-4276,1
hsa-miR-4277,1
hsa-miR-4278,1
hsa-miR-4279,1
hsa-miR-4280,1
hsa-miR-4281,1
hsa-miR-4282,1
hsa-miR-4283,1
hsa-miR-4284,1
hsa-miR-4285,1
hsa-miR-4286,1
hsa-miR-4287,1
hsa-miR-4288,1
hsa-miR-4289,1
hsa-miR-429,1
hsa-miR-4290,1
hsa-miR-4291,1
hsa-miR-4292,1
hsa-miR-4293,1
hsa-miR-4294,1
hsa-miR-4295,1
hsa-miR-4296,1
hsa-miR-4297,1
hsa-miR-4298,1
hsa-miR-4299,1
hsa-miR-4300,1
hsa-miR-4301,1
hsa-miR-4302,1
hsa-miR-4303,1
hsa-miR-4304,1
hsa-miR-4305,1
hsa-miR-4306,1
hsa-miR-4307,1
hsa-miR-4308,1
hsa-miR-4309,1
hsa-miR-431-5p,1
hsa-miR-4310,1
hsa-miR-4311,1
hsa-miR-4312,1
hsa-miR-4313,1
hsa-miR-4314,1
hsa-miR-4315,1
hsa-miR-4316,1
hsa-miR-4317,1
hsa-miR-4318,1
hsa-miR-4319,1
hsa-miR-432-5p,1
hsa-miR-4320,1
hsa-miR-4321,1
hsa-miR-4322,1
hsa-miR-4323,1
hsa-miR-4324,1
hsa-miR-4325,1
hsa-miR-4326,1
hsa-miR-4327,1
hsa-miR-4328,1
hsa-miR-4329,1
hsa-miR-433-5p,1
hsa-miR-4330,1
hsa-miR-4417,1
hsa-miR-4418,1
hsa-miR-4419a,1
hsa-miR-4419b,1
hsa-miR-4420,1
hsa-miR-4421,1
hsa-miR-4422,1
hsa-miR-4423-5p,1
hsa-miR-4424,1
hsa-miR-4425,1
hsa-miR-4426,1
hsa-miR-4427,1
hsa-miR-4428,1
hsa-miR-4429,1
hsa-miR-4430,1
hsa-miR-4431,1
hsa-miR-4432,1
hsa-miR-4433a-5p,1
hsa-miR-4433b-5p,1
hsa-miR-4434,1
hsa-miR-4435,1
hsa-miR-4436a,1
hsa-miR-4436b-5p,1
hsa-miR-4437,1
hsa-miR-4438,1
hsa-miR-4439,1
hsa-miR-4440,1
hsa-miR-4441,1
hsa-miR-4442,1
hsa-miR-4443,1
hsa-miR-4444,1
hsa-miR-4445-5p,1
hsa-miR-4446-5p,1
hsa-miR-4447,1
hsa-miR-4448,1
hsa-miR-4449,1
hsa-miR-4450,1
hsa-miR-4451,1
hsa-miR-4452,1
hsa-miR-4453,1
hsa-miR-4454,1
hsa-miR-4455,1
hsa-miR-4456,1
hsa-miR-4457,1
hsa-miR-4458,1
hsa-miR-4459,1
hsa-miR-4460,1
hsa-miR-4461,1
hsa-miR-4462,1
hsa-miR-4463,1
hsa-miR-4464,1
hsa-miR-4465,1
hsa-miR-4466,1
hsa-miR-4467,1
hsa-miR-4468,1
hsa-miR-4469,1
hsa-miR-4470,1
hsa-miR-4471,1
hsa-miR-4472,1
hsa-miR-4473,1
hsa-miR-4474-5p,1
hsa-miR-4475,1
hsa-miR-4476,1
hsa-miR-4477a,1
hsa-miR-4477b,1
hsa-miR-4478,1
hsa-miR-4479,1
hsa-miR-448,1
hsa-miR-4480,1
hsa-miR-4481,1
hsa-miR-4482-5p,1
hsa-miR-4483,1
hsa-miR-4484,1
hsa-miR-4485-3p,1
hsa-miR-4486,1
hsa-miR-4487,1
hsa-miR-4488,1
hsa-miR-4489,1
hsa-miR-4490,1
hsa-miR-4491,1
hsa-miR-4492,1
hsa-miR-4493,1
hsa-miR-4494,1
hsa-miR-4495,1
hsa-miR-4496,1
hsa-miR-4497,1
hsa-miR-4498,1
hsa-miR-4499,1
hsa-miR-449a,1
hsa-miR-449b-5p,1
hsa-miR-449c-5p,1
hsa-miR-4500,1
hsa-miR-4501,1
hsa-miR-4502,1
hsa-miR-4503,1
hsa-miR-4504,1
hsa-miR-4505,1
hsa-miR-4506,1
hsa-miR-4507,1
hsa-miR-4508,1
hsa-miR-4509,1
hsa-miR-450a-5p,1
hsa-miR-450b-5p,1
hsa-miR-4510,1
hsa-miR-4511,1
hsa-miR-4512,1
hsa-miR-4513,1
hsa-miR-4514,1
hsa-miR-4515,1
hsa-miR-4516,1
hsa-miR-4517,1
hsa-miR-4518,1
hsa-miR-4519,1
hsa-miR-451a,1
hsa-miR-451b,1
hsa-miR-452-5p,1
hsa-miR-4520-5p,1
hsa-miR-4520b-5p,1
hsa-miR-4521,1
hsa-miR-4522,1
hsa-miR-4523,1
hsa-miR-4524a-5p,1
hsa-miR-4524b-5p,1
hsa-miR-4525,1
hsa-miR-4526,1
hsa-miR-4527,1
hsa-miR-4528,1
hsa-miR-4529-5p,1
hsa-miR-4530,1
hsa-miR-4531,1
hsa-miR-4532,1
hsa-miR-4533,1
hsa-miR-4534,1
hsa-miR-4535,1
hsa-miR-4536-5p,1
hsa-miR-4537,1
hsa-miR-4538,1
hsa-miR-4539,1
hsa-miR-454-5p,1
hsa-miR-4540,1
hsa-miR-455-5p,1
hsa-miR-4632-5p,1
hsa-miR-4633-5p,1
hsa-miR-4634,1
hsa-miR-4635,1
hsa-miR-4636,1
hsa-miR-4637,1
hsa-miR-4638-5p,1
hsa-miR-4639-5p,1
hsa-miR-4640-5p,1
hsa-miR-4641,1
hsa-miR-4642,1
hsa-miR-4643,1
hsa-miR-4644,1
hsa-miR-4645-5p,1
hsa-miR-4646-5p,1
hsa-miR-4647,1
hsa-miR-4648,1
hsa-miR-4649-5p,1
hsa-miR-4650-5p,1
hsa-miR-4651,1
hsa-miR-4652-5p,1
hsa-miR-4653-5p,1
hsa-miR-4654,1
hsa-miR-4655-5p,1
hsa-miR-4656,1
hsa-miR-4657,1
hsa-miR-4658,1
hsa-miR-4659a-5p,1
hsa-miR-4659b-5p,1
hsa-miR-466,1
hsa-miR-4660,1
hsa-miR-4661-5p,1
hsa-miR-4662a-5p,1
hsa-miR-4662b,1
hsa-miR-4663,1
hsa-miR-4664-5p,1
hsa-miR-4665-5p,1
hsa-miR-4666a-5p,1
hsa-miR-4666b,1
hsa-miR-4667-5p,1
hsa-miR-4668-5p,1
hsa-miR-4669,1
hsa-miR-4670-5p,1
hsa-miR-4671-5p,1
hsa-miR-4672,1
hsa-miR-4673,1
hsa-miR-4674,1
hsa-miR-4675,1
hsa-miR-4676-5p,1
hsa-miR-4677-5p,1
hsa-miR-4678,1
hsa-miR-4679,1
hsa-miR-4680-5p,1
hsa-miR-4681,1
hsa-miR-4682,1
hsa-miR-4683,1
hsa-miR-4684-5p,1
hsa-miR-4685-5p,1
hsa-miR-4686,1
hsa-miR-4687-5p,1
hsa-miR-4688,1
hsa-miR-4689,1
hsa-miR-4690-5p,1
hsa-miR-4691-5p,1
hsa-miR-4692,1
hsa-miR-4693-5p,1
hsa-miR-4694-5p,1
hsa-miR-4695-5p,1
hsa-miR-4696,1
hsa-miR-4697-5p,1
hsa-miR-4698,1
hsa-miR-4699-5p,1
hsa-miR-4700-5p,1
hsa-miR-4701-5p,1
hsa-miR-4703-5p,1
hsa-miR-4704-5p,1
hsa-miR-4705,1
hsa-miR-4706,1
hsa-miR-4707-5p,1
hsa-miR-4708-5p,1
hsa-miR-4709-5p,1
hsa-miR-4710,1
hsa-miR-4711-5p,1
hsa-miR-4712-5p,1
hsa-miR-4713-5p,1
hsa-miR-4714-5p,1
hsa-miR-4715-5p,1
hsa-miR-4716-5p,1
hsa-miR-4717-5p,1
hsa-miR-4718,1
hsa-miR-4719,1
hsa-miR-4720-5p,1
hsa-miR-4721,1
hsa-miR-4722-5p,1
hsa-miR-4723-5p,1
hsa-miR-4724-5p,1
hsa-miR-4725-5p,1
hsa-miR-4726-5p,1
hsa-miR-4727-5p,1
hsa-miR-4728-5p,1
hsa-miR-4729,1
hsa-miR-4730,1
hsa-miR-4731-5p,1
hsa-miR-4732-5p,1
hsa-miR-4733-5p,1
hsa-miR-4734,1
hsa-miR-4735-5p,1
hsa-miR-4736,1
hsa-miR-4737,1
hsa-miR-4738-5p,1
hsa-miR-4739,1
hsa-miR-4740-5p,1
hsa-miR-4741,1
hsa-miR-4742-5p,1
hsa-miR-4743-5p,1
hsa-miR-4744,1
hsa-miR-4745-5p,1
hsa-miR-4746-5p,1
hsa-miR-4747-5p,1
hsa-miR-4748,1
hsa-miR-4749-5p,1
hsa-miR-4750-5p,1
hsa-miR-4751,1
hsa-miR-4752,1
hsa-miR-4753-5p,1
hsa-miR-4754,1
hsa-miR-4755-5p,1
hsa-miR-4756-5p,1
hsa-miR-4757-5p,1
hsa-miR-4758-5p,1
hsa-miR-4759,1
hsa-miR-4760-5p,1
hsa-miR-4761-5p,1
hsa-miR-4762-5p,1
hsa-miR-4763-5p,1
hsa-miR-4764-5p,1
hsa-miR-4765,1
hsa-miR-4766-5p,1
hsa-miR-4767,1
hsa-miR-4768-5p,1
hsa-miR-4769-5p,1
hsa-miR-4770,1
hsa-miR-4771,1
hsa-miR-4772-5p,1
hsa-miR-4773,1
hsa-miR-4774-5p,1
hsa-miR-4775,1
hsa-miR-4776-5p,1
hsa-miR-4777-5p,1
hsa-miR-4778-5p,1
hsa-miR-4779,1
hsa-miR-4780,1
hsa-miR-4781-5p,1
hsa-miR-4782-5p,1
hsa-miR-4783-5p,1
hsa-miR-4784,1
hsa-miR-4785,1
hsa-miR-4786-5p,1
hsa-miR-4787-5p,1
hsa-miR-4788,1
hsa-miR-4789-5p,1
hsa-miR-4790-5p,1
hsa-miR-4791,1
hsa-miR-4792,1
hsa-miR-4793-5p,1
hsa-miR-4794,1
hsa-miR-4795-5p,1
hsa-miR-4796-5p,1
hsa-miR-4797-5p,1
hsa-miR-4798-5p,1
hsa-miR-4799-5p,1
hsa-miR-4800-5p,1
hsa-miR-4801,1
hsa-miR-4802-5p,1
hsa-miR-4803,1
hsa-miR-4804-5p,1
hsa-miR-483-5p,1
hsa-miR-484,1
hsa-miR-485-5p,1
hsa-miR-486-5p,1
hsa-miR-487a-5p,1
hsa-miR-487b-5p,1
hsa-miR-488-5p,1
hsa-miR-489-5p,1
hsa-miR-490-5p,1
hsa-miR-491-5p,1
hsa-miR-492,1
hsa-miR-493-5p,1
hsa-miR-494-5p,1
hsa-miR-495-5p,1
hsa-miR-496,1
hsa-miR-497-5p,1
hsa-miR-498,1
hsa-miR-4999-5p,1
hsa-miR-499a-5p,1
hsa-miR-499b-5p,1
hsa-miR-5000-5p,1
hsa-miR-5001-5p,1
hsa-miR-5002-5p,1
hsa-miR-5003-5p,1
hsa-miR-5004-5p,1
hsa-miR-5006-5p,1
hsa-miR-5007-5p,1
hsa-miR-5008-5p,1
hsa-miR-5009-5p,1
hsa-miR-500a-5p,1
hsa-miR-500b-5p,1
hsa-miR-501-5p,1
hsa-miR-5010-5p,1
hsa-miR-5011-5p,1
hsa-miR-502-5p,1
hsa-miR-503-5p,1
hsa-miR-504-5p,1
hsa-miR-5047,1
hsa-miR-505-5p,1
hsa-miR-506-5p,1
hsa-miR-507,1
hsa-miR-508-5p,1
hsa-miR-5087,1
hsa-miR-5088-5p,1
hsa-miR-5089-5p,1
hsa-miR-509-5p,1
hsa-miR-509-3-5p,1
hsa-miR-5090,1
hsa-miR-5091,1
hsa-miR-5092,1
hsa-miR-5093,1
hsa-miR-5094,1
hsa-miR-5095,1
hsa-miR-5096,1
hsa-miR-510-5p,1
hsa-miR-5100,1
hsa-miR-511-5p,1
hsa-miR-512-5p,1
hsa-miR-513a-5p,1
hsa-miR-513b-5p,1
hsa-miR-513c-5p,1
hsa-miR-514a-5p,1
hsa-miR-514b-5p,1
hsa-miR-515-5p,1
hsa-miR-516a-5p,1
hsa-miR-516b-5p,1
hsa-miR-517-5p,1
hsa-miR-5186,1
hsa-miR-5187-5p,1
hsa-miR-5188,1
hsa-miR-5189-5p,1
hsa-miR-518a-5p,1
hsa-miR-518b,1
hsa-miR-518c-5p,1
hsa-miR-518d-5p,1
hsa-miR-518e-5p,1
hsa-miR-518f-5p,1
hsa-miR-5190,1
hsa-miR-5191,1
hsa-miR-5192,1
hsa-miR-5193,1
hsa-miR-5194,1
hsa-miR-5195-5p,1
hsa-miR-5196-5p,1
hsa-miR-5197-5p,1
hsa-miR-519a-5p,1
hsa-miR-519a-3p,1
hsa-miR-519b-5p,1
hsa-miR-519c-5p,1
hsa-miR-519d-5p,1
hsa-miR-519e-5p,1
hsa-miR-520a-5p,1
hsa-miR-520b,1
hsa-miR-520c-5p,1
hsa-miR-520d-5p,1
hsa-miR-520e,1
hsa-miR-520f-5p,1
hsa-miR-520g-5p,1
hsa-miR-520h,1
hsa-miR-521,1
hsa-miR-522-5p,1
hsa-miR-523-5p,1
hsa-miR-524-5p,1
hsa-miR-525-5p,1
hsa-miR-526a,1
hsa-miR-526b-5p,1
hsa-miR-527,1
hsa-miR-532-5p,1
hsa-miR-539-5p,1
hsa-miR-541-5p,1
hsa-miR-542-5p,1
hsa-miR-543,1
hsa-miR-544a,1
hsa-miR-544b,1
hsa-miR-545-5p,1
hsa-miR-548a-3p,1
hsa-miR-548a-5p,1
hsa-miR-548aa,1
hsa-miR-548ab,1
hsa-miR-548ac,1
hsa-miR-548ad-3p,1
hsa-miR-548ae-3p,1
hsa-miR-548ag,1
hsa-miR-548ah-5p,1
hsa-miR-548ai,1
hsa-miR-548aj-3p,1
hsa-miR-548aj-5p,1
hsa-miR-548ak,1
hsa-miR-548al,1
hsa-miR-548am-5p,1
hsa-miR-548an,1
hsa-miR-548ao-5p,1
hsa-miR-548ap-5p,1
hsa-miR-548aq-5p,1
hsa-miR-548ar-5p,1
hsa-miR-548as-5p,1
hsa-miR-548at-5p,1
hsa-miR-548au-5p,1
hsa-miR-548av-5p,1
hsa-miR-548aw,1
hsa-miR-548ax,1
hsa-miR-548ay-5p,1
hsa-miR-548az-5p,1
hsa-miR-548b-5p,1
hsa-miR-548ba,1
hsa-miR-548c-5p,1
hsa-miR-548d-5p,1
hsa-miR-548e-5p,1
hsa-miR-548f-5p,1
hsa-miR-548f-3p,1
hsa-miR-548g-5p,1
hsa-miR-548h-5p,1
hsa-miR-548i,1
hsa-miR-548j-5p,1
hsa-miR-548k,1
hsa-miR-548l,1
hsa-miR-548m,1
hsa-miR-548n,1
hsa-miR-548o-3p,1
hsa-miR-548o-5p,1
hsa-miR-548p,1
hsa-miR-548q,1
hsa-miR-548s,1
hsa-miR-548t-5p,1
hsa-miR-548u,1
hsa-miR-548v,1
hsa-miR-548w,1
hsa-miR-548x-5p,1
hsa-miR-548x-3p,1
hsa-miR-548y,1
hsa-miR-548z,1
hsa-miR-549a,1
hsa-miR-550a-5p,1
hsa-miR-550a-3-5p,1
hsa-miR-550b-2-5p,1
hsa-miR-551a,1
hsa-miR-551b-5p,1
hsa-miR-552-5p,1
hsa-miR-553,1
hsa-miR-554,1
hsa-miR-555,1
hsa-miR-556-5p,1
hsa-miR-557,1
hsa-miR-5571-5p,1
hsa-miR-5572,1
hsa-miR-5579-5p,1
hsa-miR-558,1
hsa-miR-5580-5p,1
hsa-miR-5581-5p,1
hsa-miR-5582-5p,1
hsa-miR-5583-5p,1
hsa-miR-5584-5p,1
hsa-miR-5585-5p,1
hsa-miR-5586-5p,1
hsa-miR-5587-5p,1
hsa-miR-5588-5p,1
hsa-miR-5589-5p,1
hsa-miR-559,1
hsa-miR-5590-5p,1
hsa-miR-5591-5p,1
hsa-miR-561-5p,1
hsa-miR-562,1
hsa-miR-563,1
hsa-miR-564,1
hsa-miR-566,1
hsa-miR-567,1
hsa-miR-568,1
hsa-miR-5680,1
hsa-miR-5681a,1
hsa-miR-5681b,1
hsa-miR-5682,1
hsa-miR-5683,1
hsa-miR-5684,1
hsa-miR-5685,1
hsa-miR-5687,1
hsa-miR-5688,1
hsa-miR-5689,1
hsa-miR-569,1
hsa-miR-5690,1
hsa-miR-5691,1
hsa-miR-5692a,1
hsa-miR-5692b,1
hsa-miR-5692c,1
hsa-miR-5693,1
hsa-miR-5694,1
hsa-miR-5695,1
hsa-miR-5696,1
hsa-miR-5697,1
hsa-miR-5698,1
hsa-miR-5699-5p,1
hsa-miR-570-5p,1
hsa-miR-5700,1
hsa-miR-5701,1
hsa-miR-5702,1
hsa-miR-5703,1
hsa-miR-5704,1
hsa-miR-5705,1
hsa-miR-5706,1
hsa-miR-5707,1
hsa-miR-5708,1
hsa-miR-571,1
hsa-miR-572,1
hsa-miR-573,1
hsa-miR-5739,1
hsa-miR-574-5p,1
hsa-miR-575,1
hsa-miR-576-5p,1
hsa-miR-577,1
hsa-miR-578,1
hsa-miR-5787,1
hsa-miR-579-5p,1
hsa-miR-580-5p,1
hsa-miR-581,1
hsa-miR-582-5p,1
hsa-miR-583,1
hsa-miR-584-5p,1
hsa-miR-585-5p,1
hsa-miR-586,1
hsa-miR-587,1
hsa-miR-588,1
hsa-miR-589-5p,1
hsa-miR-590-5p,1
hsa-miR-591,1
hsa-miR-592,1
hsa-miR-593-5p,1
hsa-miR-595,1
hsa-miR-596,1
hsa-miR-597-5p,1
hsa-miR-598-5p,1
hsa-miR-599,1
hsa-miR-600,1
hsa-miR-601,1
hsa-miR-602,1
hsa-miR-603,1
hsa-miR-604,1
hsa-miR-605-5p,1
hsa-miR-606,1
hsa-miR-6068,1
hsa-miR-6069,1
hsa-miR-607,1
hsa-miR-6070,1
hsa-miR-6071,1
hsa-miR-6072,1
hsa-miR-6073,1
hsa-miR-6074,1
hsa-miR-6075,1
hsa-miR-6076,1
hsa-miR-6077,1
hsa-miR-6078,1
hsa-miR-6079,1
hsa-miR-608,1
hsa-miR-6080,1
hsa-miR-6081,1
hsa-miR-6082,1
hsa-miR-6083,1
hsa-miR-6084,1
hsa-miR-6085,1
hsa-miR-6086,1
hsa-miR-6087,1
hsa-miR-6088,1
hsa-miR-6089,1
hsa-miR-609,1
hsa-miR-6090,1
hsa-miR-610,1
hsa-miR-611,1
hsa-miR-612,1
hsa-miR-6124,1
hsa-miR-6125,1
hsa-miR-6126,1
hsa-miR-6127,1
hsa-miR-6128,1
hsa-miR-6129,1
hsa-miR-613,1
hsa-miR-6130,1
hsa-miR-6131,1
hsa-miR-6132,1
hsa-miR-6133,1
hsa-miR-6134,1
hsa-miR-614,1
hsa-miR-615-5p,1
hsa-miR-616-5p,1
hsa-miR-6165,1
hsa-miR-617,1
hsa-miR-618,1
hsa-miR-619-5p,1
hsa-miR-620,1
hsa-miR-621,1
hsa-miR-622,1
hsa-miR-623,1
hsa-miR-624-5p,1
hsa-miR-625-5p,1
hsa-miR-626,1
hsa-miR-627-5p,1
hsa-miR-628-5p,1
hsa-miR-629-5p,1
hsa-miR-630,1
hsa-miR-631,1
hsa-miR-632,1
hsa-miR-633,1
hsa-miR-634,1
hsa-miR-635,1
hsa-miR-636,1
hsa-miR-637,1
hsa-miR-638,1
hsa-miR-639,1
hsa-miR-640,1
hsa-miR-641,1
hsa-miR-642a-5p,1
hsa-miR-642b-5p,1
hsa-miR-643,1
hsa-miR-644a,1
hsa-miR-645,1
hsa-miR-646,1
hsa-miR-647,1
hsa-miR-648,1
hsa-miR-649,1
hsa-miR-6499-5p,1
hsa-miR-650,1
hsa-miR-6500-5p,1
hsa-miR-6501-5p,1
hsa-miR-6502-5p,1
hsa-miR-6503-5p,1
hsa-miR-6504-5p,1
hsa-miR-6505-5p,1
hsa-miR-6506-5p,1
hsa-miR-6507-5p,1
hsa-miR-6508-5p,1
hsa-miR-6509-5p,1
hsa-miR-651-5p,1
hsa-miR-6510-5p,1
hsa-miR-6511a-5p,1
hsa-miR-6511b-5p,1
hsa-miR-6512-5p,1
hsa-miR-6513-5p,1
hsa-miR-6514-5p,1
hsa-miR-6515-5p,1
hsa-miR-6516-5p,1
hsa-miR-652-5p,1
hsa-miR-653-5p,1
hsa-miR-654-5p,1
hsa-miR-655-5p,1
hsa-miR-656-5p,1
hsa-miR-657,1
hsa-miR-658,1
hsa-miR-659-5p,1
hsa-miR-660-5p,1
hsa-miR-661,1
hsa-miR-662,1
hsa-miR-663a,1
hsa-miR-663b,1
hsa-miR-664a-5p,1
hsa-miR-664b-5p,1
hsa-miR-665,1
hsa-miR-668-5p,1
hsa-miR-670-5p,1
hsa-miR-671-5p,1
hsa-miR-6715a-3p,1
hsa-miR-6715b-5p,1
hsa-miR-6716-5p,1
hsa-miR-6717-5p,1
hsa-miR-6718-5p,1
hsa-miR-6719-3p,1
hsa-miR-6720-5p,1
hsa-miR-6721-5p,1
hsa-miR-6722-5p,1
hsa-miR-6723-5p,1
hsa-miR-6726-5p,1
hsa-miR-6727-5p,1
hsa-miR-6728-5p,1
hsa-miR-6729-5p,1
hsa-miR-6730-5p,1
hsa-miR-6731-5p,1
hsa-miR-6732-5p,1
hsa-miR-6733-5p,1
hsa-miR-6734-5p,1
hsa-miR-6735-5p,1
hsa-miR-6736-5p,1
hsa-miR-6737-5p,1
hsa-miR-6738-5p,1
hsa-miR-6739-5p,1
hsa-miR-6740-5p,1
hsa-miR-6741-5p,1
hsa-miR-6742-5p,1
hsa-miR-6743-5p,1
hsa-miR-6744-5p,1
hsa-miR-6745,1
hsa-miR-6746-5p,1
hsa-miR-6747-5p,1
hsa-miR-6748-5p,1
hsa-miR-6749-5p,1
hsa-miR-675-5p,1
hsa-miR-6750-5p,1
hsa-miR-6751-5p,1
hsa-miR-6752-5p,1
hsa-miR-6753-5p,1
hsa-miR-6754-5p,1
hsa-miR-6755-5p,1
hsa-miR-6756-5p,1
hsa-miR-6757-5p,1
hsa-miR-6758-5p,1
hsa-miR-6759-5p,1
hsa-miR-676-5p,1
hsa-miR-6760-5p,1
hsa-miR-6761-5p,1
hsa-miR-6762-5p,1
hsa-miR-6763-5p,1
hsa-miR-6764-5p,1
hsa-miR-6765-5p,1
hsa-miR-6766-5p,1
hsa-miR-6767-5p,1
hsa-miR-6768-5p,1
hsa-miR-6769a-5p,1
hsa-miR-6769b-5p,1
hsa-miR-6770-5p,1
hsa-miR-6771-5p,1
hsa-miR-6772-5p,1
hsa-miR-6773-5p,1
hsa-miR-6774-5p,1
hsa-miR-6775-5p,1
hsa-miR-6776-5p,1
hsa-miR-6777-5p,1
hsa-miR-6778-5p,1
hsa-miR-6779-5p,1
hsa-miR-6780a-5p,1
hsa-miR-6780b-5p,1
hsa-miR-6781-5p,1
hsa-miR-6782-5p,1
hsa-miR-6783-5p,1
hsa-miR-6784-5p,1
hsa-miR-6785-5p,1
hsa-miR-6786-5p,1
hsa-miR-6787-5p,1
hsa-miR-6788-5p,1
hsa-miR-6789-5p,1
hsa-miR-6790-5p,1
hsa-miR-6791-5p,1
hsa-miR-6792-5p,1
hsa-miR-6793-5p,1
hsa-miR-6794-5p,1
hsa-miR-6795-5p,1
hsa-miR-6796-5p,1
hsa-miR-6797-5p,1
hsa-miR-6798-5p,1
hsa-miR-6799-5p,1
hsa-miR-6800-5p,1
hsa-miR-6801-5p,1
hsa-miR-6802-5p,1
hsa-miR-6803-5p,1
hsa-miR-6804-5p,1
hsa-miR-6805-5p,1
hsa-miR-6806-5p,1
hsa-miR-6807-5p,1
hsa-miR-6808-5p,1
hsa-miR-6809-5p,1
hsa-miR-6810-5p,1
hsa-miR-6811-5p,1
hsa-miR-6812-5p,1
hsa-miR-6813-5p,1
hsa-miR-6814-5p,1
hsa-miR-6815-5p,1
hsa-miR-6816-5p,1
hsa-miR-6817-5p,1
hsa-miR-6818-5p,1
hsa-miR-6819-5p,1
hsa-miR-6820-5p,1
hsa-miR-6821-5p,1
hsa-miR-6822-5p,1
hsa-miR-6823-5p,1
hsa-miR-6824-5p,1
hsa-miR-6825-5p,1
hsa-miR-6826-5p,1
hsa-miR-6827-5p,1
hsa-miR-6828-5p,1
hsa-miR-6829-5p,1
hsa-miR-6830-5p,1
hsa-miR-6831-5p,1
hsa-miR-6832-5p,1
hsa-miR-6833-5p,1
hsa-miR-6834-5p,1
hsa-miR-6835-5p,1
hsa-miR-6836-5p,1
hsa-miR-6837-5p,1
hsa-miR-6838-5p,1
hsa-miR-6839-5p,1
hsa-miR-6840-5p,1
hsa-miR-6841-5p,1
hsa-miR-6842-5p,1
hsa-miR-6843-3p,1
hsa-miR-6844,1
hsa-miR-6845-5p,1
hsa-miR-6846-5p,1
hsa-miR-6847-5p,1
hsa-miR-6848-5p,1
hsa-miR-6849-5p,1
hsa-miR-6850-5p,1
hsa-miR-6851-5p,1
hsa-miR-6852-5p,1
hsa-miR-6853-5p,1
hsa-miR-6854-5p,1
hsa-miR-6855-5p,1
hsa-miR-6856-5p,1
hsa-miR-6857-5p,1
hsa-miR-6858-5p,1
hsa-miR-6859-5p,1
hsa-miR-6860,1
hsa-miR-6861-5p,1
hsa-miR-6862-5p,1
hsa-miR-6863,1
hsa-miR-6864-5p,1
hsa-miR-6865-5p,1
hsa-miR-6866-5p,1
hsa-miR-6867-5p,1
hsa-miR-6868-5p,1
hsa-miR-6869-5p,1
hsa-miR-6870-5p,1
hsa-miR-6871-5p,1
hsa-miR-6872-5p,1
hsa-miR-6873-5p,1
hsa-miR-6874-5p,1
hsa-miR-6875-5p,1
hsa-miR-6876-5p,1
hsa-miR-6877-5p,1
hsa-miR-6878-5p,1
hsa-miR-6879-5p,1
hsa-miR-6880-5p,1
hsa-miR-6881-5p,1
hsa-miR-6882-5p,1
hsa-miR-6883-5p,1
hsa-miR-6884-5p,1
hsa-miR-6885-5p,1
hsa-miR-6886-5p,1
hsa-miR-6887-5p,1
hsa-miR-6888-5p,1
hsa-miR-6889-5p,1
hsa-miR-6890-5p,1
hsa-miR-6891-5p,1
hsa-miR-6892-5p,1
hsa-miR-6893-5p,1
hsa-miR-6894-5p,1
hsa-miR-6895-5p,1
hsa-miR-7-5p,1
hsa-miR-708-5p,1
hsa-miR-7106-5p,1
hsa-miR-7107-5p,1
hsa-miR-7108-5p,1
hsa-miR-7109-5p,1
hsa-miR-711,1
hsa-miR-7110-5p,1
hsa-miR-7111-5p,1
hsa-miR-7112-5p,1
hsa-miR-7113-5p,1
hsa-miR-7114-5p,1
hsa-miR-7150,1
hsa-miR-7151-5p,1
hsa-miR-7152-5p,1
hsa-miR-7153-5p,1
hsa-miR-7154-5p,1
hsa-miR-7155-5p,1
hsa-miR-7156-5p,1
hsa-miR-7157-5p,1
hsa-miR-7158-5p,1
hsa-miR-7159-5p,1
hsa-miR-7160-5p,1
hsa-miR-7161-5p,1
hsa-miR-7162-5p,1
hsa-miR-718,1
hsa-miR-744-5p,1
hsa-miR-7515,1
hsa-miR-758-5p,1
hsa-miR-759,1
hsa-miR-760,1
hsa-miR-761,1
hsa-miR-762,1
hsa-miR-764,1
hsa-miR-7641,1
hsa-miR-765,1
hsa-miR-766-5p,1
hsa-miR-767-5p,1
hsa-miR-769-5p,1
hsa-miR-770-5p,1
hsa-miR-7702,1
hsa-miR-7703,1
hsa-miR-7704,1
hsa-miR-7705,1
hsa-miR-7706,1
hsa-miR-7843-5p,1
hsa-miR-7844-5p,1
hsa-miR-7845-5p,1
hsa-miR-7846-3p,1
hsa-miR-7847-3p,1
hsa-miR-7848-3p,1
hsa-miR-7849-3p,1
hsa-miR-7850-5p,1
hsa-miR-7851-3p,1
hsa-miR-7852-3p,1
hsa-miR-7853-5p,1
hsa-miR-7854-3p,1
hsa-miR-7855-5p,1
hsa-miR-7856-5p,1
hsa-miR-7973,1
hsa-miR-7974,1
hsa-miR-7975,1
hsa-miR-7976,1
hsa-miR-7977,1
hsa-miR-7978,1
hsa-miR-802,1
hsa-miR-8052,1
hsa-miR-8053,1
hsa-miR-8054,1
hsa-miR-8055,1
hsa-miR-8056,1
hsa-miR-8057,1
hsa-miR-8058,1
hsa-miR-8059,1
hsa-miR-8060,1
hsa-miR-8061,1
hsa-miR-8062,1
hsa-miR-8063,1
hsa-miR-8064,1
hsa-miR-8065,1
hsa-miR-8066,1
hsa-miR-8067,1
hsa-miR-8068,1
hsa-miR-8069,1
hsa-miR-8070,1
hsa-miR-8071,1
hsa-miR-8072,1
hsa-miR-8073,1
hsa-miR-8074,1
hsa-miR-8075,1
hsa-miR-8076,1
hsa-miR-8077,1
hsa-miR-8078,1
hsa-miR-8079,1
hsa-miR-8080,1
hsa-miR-8081,1
hsa-miR-8082,1
hsa-miR-8083,1
hsa-miR-8084,1
hsa-miR-8085,1
hsa-miR-8086,1
hsa-miR-8087,1
hsa-miR-8088,1
hsa-miR-8089,1
hsa-miR-873-5p,1
hsa-miR-874-5p,1
hsa-miR-875-5p,1
hsa-miR-876-5p,1
hsa-miR-877-5p,1
hsa-miR-885-5p,1
hsa-miR-887-5p,1
hsa-miR-888-5p,1
hsa-miR-889-5p,1
hsa-miR-890,1
hsa-miR-891a-5p,1
hsa-miR-891b,1
hsa-miR-892a,1
hsa-miR-892b,1
hsa-miR-892c-5p,1
hsa-miR-9-5p,1
hsa-miR-920,1
hsa-miR-921,1
hsa-miR-922,1
hsa-miR-924,1
hsa-miR-92a-1-5p,1
hsa-miR-92a-2-5p,1
hsa-miR-92b-5p,1
hsa-miR-93-5p,1
hsa-miR-933,1
hsa-miR-934,1
hsa-miR-935,1
hsa-miR-936,1
hsa-miR-937-5p,1
hsa-miR-938,1
hsa-miR-939-5p,1
hsa-miR-940,1
hsa-miR-941,1
hsa-miR-942-5p,1
hsa-miR-943,1
hsa-miR-944,1
hsa-miR-95-5p,1
hsa-miR-96-5p,1
hsa-miR-98-5p,1
hsa-miR-99a-5p,1
hsa-miR-99b-5p,1
MAST2,0
RAB22A,0
TRAP1,0
BMPR2,0
FYN,2
PARD6B,0
CHUK,2
TRAF2,0
PNRC1,0
GUCA1B,0
FGF4,0
GADD45G,0
KDR,0
LDLRAP1,0
PRKCB,0
MDM2,2
KIT,0
MAPK1,0
TRAF1,0
CA12,0
NFASC,0
NUDT21,2
UBE2I,2
KCTD13,0
BMX,0
USP33,0
LCK,0
PTPRS,0
SIN3A,0
EIF6,0
ATP5A1,2
ITGB1BP1,0
KIAA1377,0
GGA2,0
CNR2,0
RBBP4,2
TNFRSF10A,0
CASP8,0
BAZ1A,0
HSH2D,0
WNT1,0
FLNA,2
EP300,0
UTP14A,0
PUF60,0
ABL1,0
TFG,0
SPOP,0
GAPDH,0
CCL5,0
P2RY2,0
SELL,0
ACTA1,0
MCAM,0
SUV39H2,0
CDC25B,0
SSBP4,0
FN1,0
CRMP1,2
SUMO4,0
PELP1,0
EIF2AK2,0
UBQLN4,0
ACTN4,0
ACVR2B,2
RALYL,0
PSEN1,0
SEPT5,0
MAPK14,0
GSK3B,2
RNF2,0
IFNGR2,0
TLR3,0
SLC2A1,0
ZMYND19,0
PTPN4,0
PPP1R9B,2
ING2,0
DVL1,2
PLSCR1,2
DAB1,0
SSTR1,0
KCNK3,0
BMPR1B,0
PDCD10,0
PRKCG,0
CLTCL1,0
MMP7,0
UNC119,2
BEND5,0
WWTR1,0
STK11,0
ALK,2
APOB,0
TTR,0
TUBA4A,2
CTNNBL1,0
MARK4,0
RAN,0
NOMO1,0
HSP90AA1,2
NDUFS7,0
XRCC6,2
MSN,0
KAT2B,2
NRIP1,2
PAK2,2
TFPI2,0
EEF1A1,2
COL3A1,0
F11R,0
TAC1,0
AMOTL2,2
SUMO3,0
NDOR1,0
TNFRSF11A,0
C3AR1,2
PTPN6,0
CCDC85B,2
C8orf33,2
LMNB1,0
CAMK2A,2
ANXA7,0
EZR,0
SEMA4F,0
GLP2R,0
PPP1R9A,2
GABRA1,0
MAP2K4,0
RB1,0
BCL2,2
S1PR1,0
WIPF1,2
TGFBR1,2
ATM,2
AMPH,2
YWHAG,2
YWHAB,2
TOPBP1,0
IMPA2,0
SH3BP5,0
CTSS,0
TNFRSF17,0
MSH2,0
RBBP7,2
MDFI,2
CTDP1,0
SUMO1,2
RGS4,0
CALM3,0
MAP3K7,0
GJA3,0
HDAC1,0
SDC4,0
FFAR1,0
PRKDC,0
MAPT,0
IPO13,0
RPSA,0
PDGFRB,0
CTNND1,0
ROBO1,0
MGMT,0
TAF1C,0
PTK2B,0
CDH5,0
DOK1,0
ZAP70,0
VASP,0
ARR3,0
PTPN12,0
PPP2R1A,0
ACTB,2
TOM1L1,2
AKAP11,2
ATXN1,2
ARHGAP1,2
L1CAM,2
RBM12,0
PAK7,0
PSMA1,0
TUBB2A,0
IFNAR1,0
RHOQ,0
LILRB1,0
RAB11FIP2,0
TJP1,0
IMMT,2
SET,2
VIPR2,0
PPP1CC,2
SYK,2
SERPINB9,2
C3,0
SYTL4,0
CDK9,0
PAPPA2,0
TK1,2
C1D,0
PMCH,0
TSPYL2,0
FCGR3A,0
STUB1,0
KCNJ11,0
PTMA,0
HBA1,0
CAV1,0
RAB5B,0
ITGB4,0
MRFAP1,0
SOSTDC1,0
TXNIP,0
GRM5,0
PRKAA1,0
PTPRJ,0
PRKCA,2
EDA,0
ARHGEF1,0
MET,0
SRC,2
SCMH1,0
CTNNB1,2
ARRB1,2
HRAS,2
PRKAR2B,0
ITGA2,0
GNB1,0
LAMA4,2
RAF1,0
MAP2K7,0
RASA1,2
SH3GL1,2
MAPK8IP2,0
MAP3K10,0
CSNK2A1,2
NRP2,0
NTRK2,0
RPL10,0
PDLIM7,0
PTN,0
ACE2,0
ERBB2,0
SYNJ1,0
GNB2L1,0
IL4R,0
SPP1,0
MUC1,0
RAB11A,0
TNNT1,0
SNRPD3,0
EHMT2,0
FHL3,2
PRKAR1A,2
EDN1,2
SQSTM1,2
CD82,0
GRB2,2
SPTBN4,0
SMURF2,2
NOTCH1,2
S100B,0
YWHAZ,2
PSME3,0
IL1R1,0
YWHAQ,2
GRM7,0
FGF7,0
TNFRSF14,0
SPRY2,0
PTK2,2
BTK,0
TNPO1,0
MTIF2,0
EGFR,0
HDAC9,0
ADORA2A,2
GMFB,0
MAP1B,0
PIGR,0
DMD,0
GTF3C1,0
PIP4K2A,2
TRIM24,2
NGFR,0
PKMYT1,0
TSHR,0
BMP1,0
EIF2S2,0
EPB41,0
UBB,0
AXIN1,2
GNAO1,0
DNM1,0
CALM1,0
ITSN2,0
CSNK1E,2
BTRC,2
BRCA2,0
ZZEF1,0
MAD2L1,0
GADD45A,0
RHOA,2
GAD2,0
MAP4K2,0
SHC1,2
ACP5,0
AGAP1,2
JAK2,2
LIPE,0
MCF2,0
MAPK3,2
BARD1,0
IRAK1,0
LENG1,0
KPNB1,2
PPP2CA,0
ECH1,0
RBL1,2
RFC1,0
MAGED1,0
PTPN13,0
PLK1,0
TNFRSF8,0
PAK1,2
PRLR,0
PER3,2
PTPN11,0
CD36,0
EIF2AK1,0
CBL,0
TFPI,0
CASP7,0
PRMT2,0
NCL,2
C11orf49,0
AMFR,2
HNRNPC,0
PIK3R1,0
MASP1,2
FHL1,0
ADORA2B,2
GNAQ,2
KRTAP4-12,0
KCNK9,0
SHANK1,2
CIRBP,0
THOC7,0
RPS6KB1,0
DCTN1,0
EEF1G,0
PSMF1,0
HLA-B,0
RNF138,0
ABI1,0
IGFBP4,0
TXN,0
HRK,0
NEDD4,2
NPFF,0
PDK2,0
CARM1,0
PTPRZ1,0
MAPK8,0
DKC1,0
SUV39H1,0
POLA1,0
HK2,0
CD47,0
PSMA7,0
HSPB1,0
PHC2,0
TACC3,2
GTF2B,0
SNW1,0
ATN1,0
GIT1,2
DLG3,0
PSMD11,0
RASIP1,0
DOK4,0
C14orf1,2
ADRB2,2
RGS7,0
PLA2G4A,0
HIST3H3,0
EFNB2,0
EWSR1,0
MAPK7,0
LTBR,0
LRP1,2
TGFBR2,2
WASF3,0
ROCK1,0
EFEMP2,2
GNAI3,0
TAF1D,0
RANGAP1,0
AURKB,0
CCNA2,0
PTGER2,0
CSNK2A2,2
PDGFB,2
ITSN1,0
EXOSC6,0
CXCR4,0
GNAI1,0
PXN,0
SUFU,0
CASP2,0
HCLS1,0
TBC1D1,0
BAK1,2
GZMB,0
HDAC2,0
NPY5R,0
GHR,0
LMNA,2
SYT17,0
EPHA2,0
MINK1,2
LRP3,0
MYO15B,0
FKBP3,0
TGM2,0
HLA-C,0
CASP3,2
LSM7,0
FZD5,0
COL13A1,0
OPRK1,0
PRKCD,2
CCND1,2
DAP3,0
PPBP,0
MYD88,0
PTPRM,0
BCL2L1,2
GNA12,2
CASK,0
ACTN2,2
IGSF1,2
SST,0
IRS2,0
TRAF4,0
CCNK,2
OLFM2,0
PDCD5,0
ACVR1,2
ACTL6A,2
CTSD,0
RPS6KA3,0
CDC42,2
FADD,2
SMC3,0
UCP2,0
AMBP,2
GBP2,0
CTR9,0
RET,0
UBA52,0
SERPINA5,0
CCR5,0
LSM3,0
PARD6A,0
RAC1,0
HMOX2,2
APOA1,0
HDAC5,2
DTX2,0
HDGFRP3,0
TCEB2,0
RABIF,0
DAPK3,0
MRPL37,0
ERN1,0
HMGB1,2
MCM2,0
MAP1LC3B,2
ATP6V1E1,2
AKT1,0
COPS5,0
MARK2,0
POLDIP2,0
GRN,0
HTT,2
SNRNP40,0
RAG1,0
DAP,0
HNRNPA0,0
VWF,0
RXFP1,0
PDE4DIP,0
PLCG1,2
SH3KBP1,2
CNTFR,0
EMD,2
INVS,0
TNFSF11,2
TIRAP,2
STAMBPL1,0
FLNC,2
PA2G4,0
AGFG1,2
VIM,2
TSPAN4,0
NIN,0
EID1,0
SOCS1,0
GFRA1,0
OPRD1,0
HSPD1,0
PIM1,0
RPS6KA1,2
AKAP8L,2
EPHB1,0
F2R,0
DBI,0
ITK,0
FEZ1,0
HSPA1A,2
EIF4E2,0
GPR183,0
RASGRF1,0
COL1A1,0
CNTNAP1,0
ACTR2,2
TNFRSF10B,0
CRP,2
RALGDS,2
EXOC8,0
DDX24,0
MAPKAPK3,0
SAP30,0
ARHGEF12,0
PRKACA,0
ATF7IP,0
CDC20,0
PFDN1,2
PPIA,0
BTG1,0
TNFRSF1A,0
TUBA1B,0
SDPR,0
PARD3,0
ITGB1,0
FLII,0
TBC1D5,0
PRPH2,0
POLR2D,2
JAK1,0
REPS2,0
CDH1,2
DDR1,0
FGG,0
MAPK8IP3,0
WWP1,0
PTPRC,0
BIRC2,0
NEK6,0
EIF4B,0
TBC1D4,0
NTRK1,0
CCR9,0
PDZK1,0
IL1RL1,0
UBE2E3,2
MDK,0
PSMC5,0
SAA1,0
KRT8,0
NRXN1,0
CACYBP,0
TRAF6,0
CCDC130,0
NMT1,0
IER3IP1,0
GPRASP1,2
ACLY,0
CSNK2B,2
IL1RAP,0
SRGN,0
RCAN1,0
LRRC4C,0
GLUL,0
SKIV2L2,0
GPS1,0
ADRA2A,0
SFN,0
ABR,0
EDA2R,0
MAPK10,0
GABRR2,0
STXBP3,0
PARK2,0
PTH1R,0
TNFRSF12A,0
TMSB4Y,0
YLPM1,0
LEP,0
SUMO2,0
HSP90AB1,2
SF3B1,0
SPTBN1,0
APPL2,0
FLAD1,0
ADAM19,2
CUL3,0
PLXNB2,0
PAN2,0
H3F3A,2
CUTC,0
CALR,2
CSPG4,0
BCL2L11,0
CNOT7,0
ANAPC7,2
PSME1,0
DDX3X,0
SH3BP2,0
CD93,0
TUBA1A,0
BMP5,0
NLGN3,0
IL2RB,0
MED28,0
CD28,0
CALB2,0
YWHAE,2
LOR,0
C11orf58,0
FAM160A2,0
TUBB,0
TOP1,0
NDUFA6,0
ADD1,2
FGR,0
HIPK1,0
PVRL4,0
CFH,2
LAT,0
TMOD3,0
SLA,0
VCAN,0
ACTR3,2
HAP1,0
FRS2,0
UQCRQ,0
ARHGEF7,2
AVP,2
CAST,0
MPL,0
CCNE1,0
BAX,0
SH2D3C,0
FBXW7,0
RPS6KA5,2
DIABLO,0
HUWE1,0
SDF4,0
SKP2,0
ABI3,2
RPA1,0
CSF2RB,0
CTSG,0
DUSP4,0
CDK4,2
NCK1,0
CTBP1,0
SMN1,0
FAS,0
FABP1,0
IFI35,0
RAI14,0
MAPK1IP1L,0
COPB2,0
ARPC3,0
GABARAPL1,0
GABRB3,0
GRIN2B,0
TRA2A,0
PHAX,0
CHMP1B,0
STRAP,0
MST1R,0
SERPING1,0
CHRM3,0
CBR3,2
BMPR1A,0
APP,2
U2AF2,0
RAD23A,0
PPM1A,0
COPS6,2
GOLGA2,0
CDKN1B,2
CD55,0
CTNND2,2
WWP2,0
WEE1,0
PTGES3,0
RPS27,0
LEPR,0
PPP1R8,0
FEN1,0
MNAT1,0
FKBP4,0
SLC6A3,0
NUDT3,0
RPS28,0
RASD2,0
TCERG1,2
NME1,0
FHL2,0
DMPK,2
SH3GL3,0
HCFC1,0
PQBP1,2
OTUB1,2
AP1M2,0
PML,0
NEDD4L,0
POLR2C,0
ANAPC2,0
MAP2,2
IL16,0
HDAC6,0
PRKAR2A,2
SYT7,0
INSR,2
SGK1,0
LRP2BP,0
ITGB3,0
F13A1,0
EPS15,2
DTX3L,0
RBM14,0
TINAGL1,0
ADCYAP1,0
LYN,0
JAK3,0
ITGB5,0
EXOC4,0
STAP2,0
TLR1,0
BLNK,0
CABLES2,2
ARF6,2
ANXA11,2
PRR13,0
LRP5,0
SF3B4,0
STX7,0
ATP6V1A,0
UBR1,0
KRAS,0
FAF1,2
FGF6,0
UBE2D2,2
LTA4H,2
PHACTR3,0
CBFA2T3,0
FHL5,0
KCNJ15,0
CAPN1,0
GRIN1,0
PRC1,0
CCR3,0
MUTYH,0
HSPA5,0
DLG4,2
MMP9,0
TNFSF10,0
MYO15A,0
SNRPD2,0
VAV1,0
ADAM9,0
CMA1,0
MYCBP,0
PRKG1,0
PPP1CA,0
LSM2,0
ANKRD24,2
RBPMS,2
CSAD,0
RTN3,0
CASP1,0
PLXNB1,0
HTRA1,0
HMOX1,0
BMP7,0
CHMP1A,0
HCK,0
UPF2,0
MS4A1,0
ALOX12,0
LNX1,2
CFLAR,0
CCNB1,0
PSMA3,2
ARHGEF11,2
TOLLIP,0
RADIL,0
IL6ST,0
NOS1,0
SPOCK2,0
CDKN1A,0
RBM41,0
DRD3,0
PRKCZ,2
RALBP1,0
DVL2,2
IL23R,0
DCK,0
MTMR10,0
KPNA2,2
POM121,2
NUP153,0
PRPF40A,0
ACTG1,2
XPA,2
PAG1,0
RGS16,0
VAV3,0
FGFR1,0
SOS1,2
PDHA1,0
PTPRR,0
SKP1,0
DRD2,0
CDH13,2
NOTCH4,0
TLN1,0
TARBP2,0
PRNP,0
PLEKHF2,0
CDC73,2
DVL3,0
HLA-F,0
TRPC3,0
EXOSC3,0
CR1,0
COL4A4,0
GORASP1,0
CAPN2,2
FBN2,0
ERBB3,0
UBE2R2,0
MAP3K5,0
TNFSF13,0
BCCIP,0
TNC,0
ANAPC10,2
HABP4,2
DAB2,2
SH2B1,0
FXR2,0
AKAP9,0
RSRC1,0
RRAS2,2
EPN2,0
DNAJB1,0
TSC2,0
MRC1,0
RBX1,0
SNTA1,2
ARHGEF2,2
LTB4R,0
PLAU,0
FUNDC2,0
RGS19,0
HAX1,2
TBL1X,0
RASSF1,2
SCAMP1,0
S1PR4,0
DNM2,0
F2RL1,0
FGFR2,0
TRAF3,0
FLT4,0
ABLIM1,0
PIAS1,2
CD247,0
STK38,0
HDAC3,0
SYT4,0
RPS2,0
CELSR3,0
PDE6D,0
TACC2,0
PTPRD,0
PEX5,0
CCL19,0
MCM7,0
PSMC3,0
KIAA1217,0
TCL1A,0
ABCA1,2
EXOSC8,0
STRN,0
UPF1,0
SEMA5B,0
TRAF5,0
WDR1,0
LMO4,0
STX2,0
RDH11,0
PRMT1,2
PSMC6,0
RPH3A,0
PIK3C3,2
RBL2,2
TNR,0
LPXN,0
GRAP,0
MYO5B,0
RAB11FIP5,0
MAPK12,0
CEP70,0
SGSM2,2
PSMA4,0
DYNLT1,0
TRIM29,0
KCNAB2,0
FGF2,0
STON2,0
SORBS1,2
MED8,2
FSHR,0
SND1,0
KHDRBS1,0
DLG1,0
GNRH1,0
RAB4A,0
SIRPA,0
PLCG2,0
CABIN1,0
HOMER1,0
TNIP1,0
TLR4,0
C10orf10,0
TGFB3,2
TNFRSF25,0
GRASP,0
EIF3J,2
AGTR1,0
PPP3CC,0
DEF6,0
LRP2,2
RIT2,0
MYOZ3,0
SLPI,0
ITGA1,0
PIM2,0
PRTN3,0
CYTH2,0
EIF4EBP1,2
PFN1,2
RALB,2
KIF22,0
PPA1,0
SNCG,0
UCP3,0
AP1M1,2
MYO10,0
PPP1R12A,0
UBE2N,0
MEP1B,0
MED4,0
CDK3,0
ADAM17,2
NAE1,2
DLG2,0
JUP,2
CD79A,0
MYOZ1,2
CCDC33,0
MED22,0
NOL3,2
GRAP2,0
MMP13,0
FAP,0
PLEKHB2,0
NXF1,0
GPS2,2
KCNJ12,0
TPT1,0
QARS,0
SPRED1,0
FZD7,0
TP53BP1,2
NCR1,0
RHOD,0
TSC1,0
KIF20B,0
SSTR5,0
UBE2E1,0
MAP3K8,0
DGCR6L,0
TTN,0
UBE2G1,0
RPL13,0
MED1,2
MAPK8IP1,2
COPS2,0
BAD,2
SNX9,0
AGAP2,2
SCAF1,0
DLEU1,0
HGS,0
CHRM5,0
RNF130,2
CLEC3B,0
MPP1,0
ABCC2,2
CSNK1G1,2
SYT1,0
ITPR3,0
ARHGAP8,2
APPL1,2
FXYD6,0
FZD3,0
TRIM23,0
KLRC4,0
KLK3,2
ATP2B4,2
HLA-DPA1,0
RGS2,2
CD19,0
IL1RL2,0
PLP1,2
PSAP,0
ANTXR1,0
KIR3DL1,0
CASP4,0
KRT7,0
IRS4,0
HRH4,0
TNFRSF11B,0
GPR39,0
VTA1,0
CALCOCO1,0
ENAH,0
DCN,0
MTCP1,2
FABP4,0
PRKCI,2
CPNE4,0
USP9X,0
ITPKA,0
CHN1,0
CHAF1A,0
SNX2,0
TRAT1,0
XPC,0
GYS1,0
PLCB1,0
ANAPC5,0
EGF,0
ATXN7L3,2
C1QA,0
BDKRB2,0
ADRB1,2
COL1A2,0
ZCCHC17,0
CDK2,2
GRIK3,0
AIFM1,0
TUBB3,0
USO1,0
IGF1R,2
NCR3,0
NGEF,0
LUC7L2,0
AKT2,2
ATXN7L2,0
STC2,0
PTPRF,0
CAPNS1,0
RBM42,0
DCX,0
PPFIA4,0
MYBBP1A,0
LCP2,0
PLXNB3,2
ARHGAP5,2
RDX,2
CBX4,0
CTTN,0
DEFB1,0
LGALS1,0
IL1A,0
ARPC4,2
S100A8,0
APC,2
CSF2RA,0
IGFBP3,0
ITGA4,0
MCRS1,0
PRMT5,0
EIF4A2,0
HMGB2,2
TRIP6,2
ABL2,2
ITGA2B,0
NRP1,0
HDAC4,0
ADRA1B,2
MCM5,0
TGFBRAP1,2
HNRNPA2B1,0
RCN3,0
EPOR,0
NBPF3,2
ITGA6,0
ANK2,2
C1QBP,0
PRPF4B,0
SERPINA4,0
DDX20,0
KLRC2,0
SEMA3F,0
RAD51,0
SLC9A3R1,2
MAP3K3,0
GRK5,2
HDHD2,0
ASCC2,2
RFWD2,0
SH2B2,0
IL13RA2,0
VANGL1,0
KREMEN1,0
RPS6KA2,0
PIK3CB,0
CASP6,0
SNCA,2
ZFYVE9,0
EPHA7,0
NUMB,0
ITGB2,0
CCDC106,0
PDCD6IP,0
RHEBL1,2
HPS6,0
ECT2,0
TRIP12,0
PAK6,0
CTBP2,2
TNFAIP3,0
HIST1H4A,0
BAI2,0
RBBP8,2
KRT19,0
RAE1,0
FHOD1,2
ZC3HC1,0
EPB42,0
SACS,2
ERC1,0
CRELD1,0
OSGEP,0
TEC,2
FES,0
DAG1,0
KPNA1,0
PHPT1,0
RAP1A,0
RGS1,0
IRS1,0
FZD4,0
REM1,0
CAV3,0
NRBF2,0
PRTFDC1,0
CALCOCO2,2
RHO,0
TAF9,0
MPPED1,0
RIPK1,0
SUB1,0
CALM2,0
RPL5,0
UBAC2,0
HNRNPK,0
CFL1,2
NOTCH2,0
PPP3CB,0
KCTD15,0
BAI1,2
POLR2E,0
KLHL23,0
RPL18A,0
PDGFRA,0
EIF2B1,2
F10,0
COL17A1,0
YWHAH,2
MRPL44,0
RHOH,2
BLM,2
STXBP1,2
GLP1R,0
COL2A1,0
PIK3CD,0
CUL1,0
KIAA1107,0
CDH2,0
ADRA2B,2
ECM1,0
CHD4,0
RAP1B,2
RPLP1,0
ZNF638,0
SYNGAP1,0
RIC8A,0
GRIA2,0
RANBP9,0
RPS6KA6,0
PIAS4,2
PPP1R16A,0
NOL12,0
RAB1A,0
PREP,0
SEPT3,0
PSEN2,2
IL5RA,0
PPRC1,0
DRD1,0
LHCGR,0
CAPZA1,0
TOP2A,2
ADA,0
ARHGDIB,2
HR,0
ADAMTS10,0
VLDLR,0
CD9,0
IGF2R,0
OPRM1,0
PLD2,0
IL6R,0
CHD3,0
HSPB3,0
HNRNPH3,0
UTP3,0
GDF5,2
VAV2,0
BRMS1,0
APTX,2
CLTC,2
PIP5K1C,2
PTPRG,0
AP2B1,0
TUBG1,0
KRT18,0
PCNA,2
ILF2,0
PLCD1,0
GABRR1,0
UBC,0
PPP3CA,0
DBNL,0
POLB,0
ABI2,2
NEK2,0
IL18RAP,0
SHBG,0
IGLON5,0
GRIA3,0
ERH,0
RAP2A,0
PPFIA1,0
WDR16,0
RABAC1,0
KCTD17,0
ERP27,0
FNBP4,0
BIRC3,2
PHF10,0
MEGF6,0
CEP250,0
CST3,0
FLT1,0
FGFR3,2
NUDT18,0
ITGA5,0
MPP6,0
MARK3,0
SHC2,0
GNB5,0
FSCN1,0
PJA1,2
INA,0
WIPF2,0
TXK,0
AES,2
VCP,0
MAPK6,2
SYP,0
NGFRAP1,0
HIPK3,2
MMP2,0
HOOK2,0
MERTK,0
NEDD8,0
GRM2,0
SH3PXD2A,0
PLCB2,0
DNAJC7,0
CSNK1A1,2
PPP1R2,0
LDOC1,2
AGT,2
CCNH,0
CCK,0
HTR2A,0
EED,2
NEDD9,2
FGA,0
COL4A5,0
TLR9,0
ABCC9,2
CCR6,0
TAF5,0
NISCH,0
A2M,2
GDPD2,0
NTSR1,0
THY1,0
THBS1,0
CD4,0
PFKM,0
CHAT,0
PFKFB2,2
PTPRU,0
SLC9A1,0
HNRNPL,0
NECAP2,2
USP45,0
CFDP1,0
PLEKHA1,0
NKIRAS2,0
POLR1C,0
ARHGEF6,0
CMTM6,0
GP5,0
SETDB1,2
CHEK2,0
MYO5A,0
NCBP1,0
PGAM5,0
KRT15,2
MAPK11,0
MON1A,0
MYLK,2
CACNA1C,0
GRB10,0
EXOSC4,0
IQGAP1,0
SMG1,0
MECR,0
MAP4K1,0
POLA2,0
VTN,0
GEMIN5,0
CUBN,0
MC2R,0
ATP2A2,2
POLI,0
PTPRE,0
PICK1,0
IL31RA,0
EIF3H,0
CACNG2,0
TLE1,2
NADSYN1,0
CBX1,2
HTATSF1,0
PLOD3,0
CDK5R1,0
SERPINH1,0
COL4A1,2
IQGAP2,2
SCTR,0
PHYH,0
IKBKB,0
LRFN1,0
MAPKAPK2,2
KLHL20,0
EPS8,2
PTPRO,0
RPS27A,2
RIN1,2
SELP,0
ICAM3,0
WAS,2
RING1,0
TAF6,0
PVR,0
VAMP8,0
C16orf74,0
MAGEA1,0
ADRA1A,0
PAFAH1B1,0
ERBB2IP,0
PTGIR,2
CRHR1,0
DYRK1A,0
GEMIN4,0
GRP,0
HIST2H4A,0
SNRPF,0
YES1,0
DUSP1,0
ARRB2,2
PBLD,0
TOP2B,0
ITFG1,0
MEX3B,0
GSTO1,0
HMGN2,0
CYCS,2
EEF1D,0
HSPG2,2
BMP4,0
TBK1,0
H2AFX,2
PTPN2,0
SAE1,0
ANXA1,2
PCYT2,0
GPRASP2,0
PACSIN2,0
IL12RB2,0
ATP5B,2
SLC25A4,2
TNIP2,0
MAG,0
DSP,0
KNG1,0
SEPT8,0
TIAM1,2
MIB1,0
TOP3B,0
SLC9A3R2,0
GPR135,0
PIK3CA,0
P2RY1,0
MAP3K2,0
LDLR,0
LINGO1,0
TNFRSF9,0
DIAPH1,0
ATXN3,0
NLRC4,2
ANK1,2
CRIP2,0
JAG2,0
RPS10,0
FURIN,0
ARF1,2
SH2D2A,0
RBP1,0
GAK,2
CCDC136,2
RPL11,0
OGG1,0
FGF1,0
CASP9,0
SNX4,0
CCND3,0
SNRPD1,0
DTNB,0
APCS,2
ACVR1B,0
EPHA8,0
PKD1,0
IFRD1,0
RTKN,0
AHSA1,0
RBM4,0
SDC1,0
UBQLN2,0
RCN2,0
SMURF1,2
BEGAIN,0
RNF126,0
MYO18B,0
MYH9,0
FTL,0
HTR1F,0
MED31,2
SDC3,0
TRHR,0
SDC2,0
RNF11,0
SKAP1,0
HOOK1,0
GOPC,0
PKN2,0
SSTR2,0
TG,2
CPSF3L,2
ABCF3,2
F2,0
ARPC1B,2
ZMYM2,0
SNTB2,0
WASH2P,0
NIF3L1,0
TH,0
AQP1,0
ASIP,2
NID1,0
MAP3K4,2
HNRNPM,0
BTG2,0
CCDC113,0
ARMCX3,2
PCM1,0
CHRM2,0
ARFIP2,2
PABPN1,0
KIF5B,0
ICAM4,0
HIST1H1A,0
FCHO1,0
RTN4,0
PRPH,0
PTBP1,0
TUBG2,0
RAB27A,0
CHEK1,2
MYO7A,0
SYTL1,0
RAB5A,0
ITGB7,0
VRK3,0
USHBP1,0
CDK5R2,0
DOK2,0
KCNK15,0
BECN1,2
BCAN,0
LACRT,0
RFC2,0
TRPC5,0
ATXN2,2
HABP2,0
PLCB3,0
ACTN1,2
CD38,0
MAD1L1,0
NPDC1,0
LFNG,0
EIF2B2,0
MME,0
F8,0
MYO6,0
VCPIP1,0
DSN1,0
GABBR2,0
CD22,0
HGF,0
EXOSC2,0
TRAM2,0
CPE,0
SOCS3,2
NEU3,0
EFEMP1,0
EPB41L1,2
IRAK2,0
EIF2B5,0
TAF4,0
MAPRE2,0
CRHR2,0
HDAC11,0
CRK,2
MAP3K11,2
AFAP1,2
TGFB1,2
DPY30,0
CRB3,0
HTR1B,0
CDT1,0
COIL,2
RTN4IP1,0
TACR3,0
DAXX,0
CCNB2,0
MAGI1,0
TYK2,0
C1QB,0
BBS10,0
SNAP25,0
RNF4,0
APEX1,2
PTPRA,0
PPL,0
ATXN1L,2
SIAH1,0
GOT2,0
FGFR4,0
GDF9,2
GCSH,0
FBXO2,0
ADRA2C,2
MKRN1,0
ADRBK1,0
XIAP,2
GNAI2,2
CCS,2
SMC1A,0
ALDH2,0
SOCS7,0
NME2,0
SGTA,0
TRIM32,0
FASLG,0
VEGFA,0
ACP1,2
HNRNPA1,0
DCTN2,0
NAP1L4,2
TNNI3,0
CHGB,0
CHMP4B,0
SRPK1,0
RAB17,2
DOCK3,0
GPBP1,0
F12,0
GRIN2D,0
PDPK1,2
BSG,2
GNA13,2
SLC39A7,0
IL8,0
PVRL2,0
POLR2K,0
GLUD1,0
ITGA7,0
SLC9A5,0
KCNJ1,0
CMTM3,0
LSM11,0
RHOG,0
ULK2,0
IFNAR2,0
HTR6,0
APLP1,2
PDGFA,0
PLXNA3,0
GRB7,0
MAGEA11,2
EXOSC10,0
PCSK6,0
TPI1,0
NRXN3,0
KLHL5,0
UTP6,0
IL17RB,0
NLGN2,0
MOAP1,0
TGFB1I1,0
NDUFS6,0
XPO6,0
NCK2,0
MRPL4,0
EFNB1,0
BCAP31,0
ASB2,0
ITCH,0
RRAS,0
DAZAP2,0
NCDN,0
ATR,2
PPFIBP1,0
SUPT5H,0
CDC25C,0
PPP2R3A,2
ADRB3,2
OBSCN,2
WASF2,2
DNAJA3,0
CCNT1,0
SON,0
TDG,0
PTPN1,0
NAGK,0
TAF10,0
PSMC1,0
MESDC2,0
PRKCQ,0
APOE,2
CD44,0
HSPA8,2
CNKSR2,0
SRGAP2,0
SEC61B,0
VDAC2,0
H2AFZ,0
NELL2,0
TBXA2R,0
TNNI2,2
ACVRL1,2
TICAM2,0
NUP214,0
ACHE,2
DLGAP2,2
CCL7,0
PROS1,0
KLK1,0
NDUFB9,0
CD99,2
XRN1,0
PDCD6,0
COPB1,0
MAP1A,0
TNFRSF4,0
PHF1,0
DYNLT3,0
UNC13B,0
KIR2DL4,0
SIVA1,0
CDC37,2
PIP4K2C,2
FCGR1A,0
SPAG8,0
NUP85,0
PHLDA1,0
INPP5D,0
LPAR1,0
C10orf62,2
TFRC,0
FXR1,0
PSMD9,0
VCL,0
XPO1,0
SH3GLB1,0
PNRC2,2
MRPL20,2
PEX14,0
PTRF,2
CRKL,0
PPP1R14A,0
RAB13,0
WBP1,0
CTSB,2
RAB25,2
APAF1,2
CRIPT,0
CDYL,0
SHANK2,0
MAP2K6,0
GPC1,0
WDR33,0
CCDC90B,0
STX5,0
ADRA1D,2
AP2A1,2
ERBB4,0
CBLB,2
RAD9A,2
CPNE6,0
HADHB,0
IL6,0
SERPINF2,0
MTMR9,0
GTF2F2,2
STRBP,0
GAP43,0
EPHB2,0
CSF1R,0
NSD1,2
DLK1,0
NRCAM,0
KRT1,0
NDUFA4L2,0
TUBA3C,0
VAMP2,0
SWAP70,0
MEN1,0
TMEM132A,0
PDZD3,0
PTPRH,0
FPR1,0
GRK6,0
HIST1H1B,0
RANBP2,0
TBCD,0
TSNAX,0
PIK3R3,0
SYT11,0
CKS1B,0
SH3GL2,0
GNAS,0
F3,0
LSM4,0
F11,0
ATG12,2
ITGB1BP2,0
MAPK9,0
TAF11,0
MEST,0
ATP5J2,2
CDKN2A,2
ERCC6,0
MAP2K1,0
RAB8A,0
DRD4,0
LGALS3,0
CSK,0
TOMM20,2
CDK5RAP1,0
DUSP23,0
PER1,0
DDX5,0
NCAM1,0
SF3A2,0
CBFA2T2,0
CCDC91,0
ATP1A1,0
HERPUD1,0
TLE3,0
SNF8,0
CD1D,0
POLR3F,0
ST3GAL3,0
GDI1,0
CD5,0
MYOC,0
CLSPN,0
TNFRSF13B,0
DAPP1,0
ROS1,0
DPP4,0
NF2,0
MBP,0
PHLDB2,0
DCP1A,0
PRKRA,0
GTF2H1,2
AHSG,2
CHFR,0
COPS4,0
MCM4,0
TUBA8,0
SLC3A2,0
KSR2,0
PIN1,0
SLC2A2,0
MAP4K4,0
BCL10,2
COL18A1,0
MLF1,0
BCAS2,0
PSMD7,0
ATP1B1,2
CHMP4C,0
DSG3,0
ASAP2,0
LTA,0
SPARC,0
XRN2,0
CCT7,2
EDNRB,0
ADM,2
IPO5,0
PRKAA2,0
NUCB1,0
STARD13,0
TIMP3,0
ALOX12B,0
ACTR1A,0
PAPOLA,0
RGL1,0
EPN1,2
DFNB31,0
WDR73,2
SHC3,0
MAGI2,0
KLC1,0
ZSCAN4,0
LDB1,0
SF3A3,0
ITGB3BP,0
CCR8,0
NCKIPSD,0
PRPF6,0
CLDN4,0
MTNR1A,0
ENO2,0
CANX,0
ACACA,2
PTPN23,0
DBF4,0
ING1,0
TRIM27,0
PTEN,0
CAMK4,0
RAB10,0
ACTR1B,0
DCC,2
KCNA2,0
RYBP,0
AHNAK,2
IGSF21,2
STX6,0
GPSM3,0
CBX8,2
EIF3E,0
POLD2,0
DCTPP1,0
PLAUR,0
HCFC1R1,0
ITGA9,0
ADAP1,2
RCC1,2
GRM3,0
CD226,0
CHMP5,0
HIST4H4,2
RAB33A,0
ATP2B1,2
TXNDC17,0
GHSR,0
GAL,0
PPARGC1A,0
PFDN2,0
SERTAD2,0
RFC3,0
SHANK3,0
PORCN,0
FGF5,0
CCL4,0
CD58,0
DIS3L2,0
CD63,0
KCNJ4,0
CAMK2G,2
NDEL1,0
DIAPH2,0
SYNE2,0
MAD2L2,2
HNRNPH1,0
TAF15,0
SMYD3,0
RAB38,0
AXL,0
FST,0
PNMA1,0
EIF1,0
RPL8,0
UBXN11,0
FRMD6,0
CD46,0
NTRK3,0
PPP2R2A,0
HTR1A,0
PIK3R2,0
GCG,0
SRY,2
EP400,0
SCARB1,0
NKIRAS1,2
HMGN1,0
WNT3A,0
HSPE1,2
FDPS,0
GYPC,0
ALDOA,0
ITGAE,0
TICAM1,0
NANOS1,0
RPL36AL,0
RNF111,0
ADAM12,0
NPHP1,0
RNF40,0
ALOX5,0
NPR1,0
SRGAP3,0
DPYSL4,0
CSF3R,0
LAMA5,0
LAIR1,0
GNA11,2
SURF2,0
PSMD2,0
DGCR2,0
LIMK2,0
KIAA0408,2
LRPAP1,0
ANTXR2,0
CDC34,0
DLGAP3,0
CD244,0
SERTAD1,0
XCL1,0
ACTA2,0
SLC4A1,2
PYCARD,2
S1PR2,0
GIPC1,2
CENPA,0
CD48,0
JAG1,0
BCAR1,2
SNRNP70,0
XPNPEP1,0
COL7A1,0
BACE1,2
TESC,0
MUSK,0
GRIA4,0
LRSAM1,0
PBXIP1,0
CUL4B,0
WDR77,0
IL13RA1,0
NUP98,0
TSG101,0
NPPA,0
TSPYL4,0
MAS1,0
TRPC4,0
PTPN21,0
NUAK1,0
SNAPIN,0
S100A10,2
NT5E,0
NCAN,0
IGFBP5,0
BIRC5,0
UBR5,0
DYRK1B,0
EDF1,0
PKN1,2
INS,0
APOA2,0
NAPA,0
TRADD,0
SCFD1,0
GALR1,0
DPPA2,0
SIN3B,0
CABP1,0
KIF23,0
CCL14,0
PCBD1,0
FCGR2B,0
EPRS,0
CITED4,0
STK36,0
COPS3,0
GZMA,0
CUL5,0
TNFRSF10D,0
GRIPAP1,0
PFN2,2
HNRNPU,2
ST13,0
PIGC,0
BMI1,0
PSMD4,0
PSG3,2
IL18,0
RNF19A,0
APEX2,2
ERRFI1,0
CD40,0
PNKP,0
ROBO2,0
EDN3,0
COL4A6,0
BRAF,2
SNAP23,0
AVEN,2
PROC,0
MDM4,2
ITGAM,0
PPP5C,0
PPP2R5A,0
CEP76,0
CENPJ,2
PGD,0
LENG8,0
AP1G2,2
LRP1B,0
CDCA3,0
VPS18,0
ADRBK2,2
NCF2,0
CEACAM1,0
HHIP,0
BUB1,0
CR2,2
PLG,2
RAD1,0
DUSP10,0
AP1B1,2
HSD17B10,2
UBE3A,2
TCEB1,0
SPAG9,0
COL4A2,2
PTPRK,0
DST,0
RPIA,0
ITGAV,0
MMP14,0
SNTG1,0
FKBP10,0
FIGF,0
STEAP3,2
PSG9,0
GAB3,0
GMCL1,0
REN,0
NOS3,0
EPHB3,0
GPSM1,0
CDC25A,0
ANXA2,2
MBIP,2
TNNI1,2
CDK5,0
CNTNAP4,0
ADCY6,0
FHIT,0
APBB1,2
PHYHIP,0
GNAZ,2
CSNK1D,2
PLEKHO1,0
C2orf44,0
FUS,2
AP3B2,0
NUP50,0
SCNN1A,0
TRIB3,0
RPS15A,0
MPHOSPH6,0
COLQ,0
PTPRB,0
DYNLL1,0
MAPKAPK5,0
AKAP10,2
ITGA3,0
SIRT2,0
ELAC2,2
SPTAN1,0
HSPB2,0
FBXO34,0
TAOK2,0
SERPINE1,0
CENPB,0
RUVBL1,0
MNDA,0
WDYHV1,0
CAMK1,2
TRMT2A,0
BICD2,0
KISS1,0
NACAD,0
OGT,0
HIP1R,0
LMO2,0
LRP6,0
SLC4A3,2
PNN,0
GAB1,0
HIPK2,0
CATSPER1,0
EIF2AK3,0
HRG,0
NMI,0
TSPAN15,0
RAC2,2
GNG2,0
FKBP5,0
SPG20,0
CKB,0
CLIC1,0
UBE2G2,0
FCER1G,0
MBTPS1,2
POLR1B,0
CD2,0
AVPR2,0
HFE,0
NPM1,0
DYNC1I1,0
KAT2A,0
TFR2,0
C4orf17,0
UCN,0
LIFR,0
PER2,0
YTHDC1,2
DNM3,0
CHMP4A,0
TRIM37,0
PSG4,0
C5,0
TNFRSF10C,0
ATF7IP2,0
CAMK2D,2
TLE4,0
CHGA,0
ATG7,0
ZMIZ1,0
FANCC,0
MMP1,0
PTPN18,2
PDLIM5,2
FBLN1,2
PVRL3,0
CALCRL,0
EIF3G,0
RAB3B,0
GP1BA,0
DNAJA1,0
TIFA,2
PNO1,0
RER1,0
CRTC2,0
CDK5RAP2,2
CLU,0
GABARAP,0
CLSTN1,0
PDZD2,0
NDN,0
PRKD1,0
FYB,0
RNPS1,0
WWOX,0
GOSR2,0
FAM118B,0
SYT9,0
NAGPA,0
FAM124B,0
TLR5,0
RIN2,0
TLR2,0
PPM1G,0
PTPRN,0
DUSP7,0
LILRB4,0
LHB,0
TCEA2,2
SSTR4,0
MPRIP,0
SOS2,2
EFNA1,0
ITPR1,2
BID,0
MAP6,0
ENG,0
NLGN1,0
VBP1,0
MCM3,0
HTRA2,2
YY1AP1,0
FIBP,0
MX1,0
IL33,0
AKAP8,0
EEF1B2,0
PFKP,0
HLA-DQA1,0
AMHR2,2
STAM,0
CLEC5A,0
GNB2,0
SERF2,0
TBL3,0
CLIC4,0
TRIP11,2
NACA,2
TGFBR3,0
VAPB,0
MDC1,0
PPP1R15A,0
DCTD,0
CCNC,0
KCNJ2,0
CPNE7,0
RAMP3,0
BNIP3,2
GPC4,0
TACC1,2
CCR10,0
SNUPN,0
EIF4G1,0
ADORA1,0
LSM1,0
RAB3A,0
TGOLN2,2
CLNS1A,0
DYNLL2,0
FANCL,0
RIC8B,0
UBE2E2,0
SERBP1,0
IL18R1,0
UBE2V2,0
FGF23,0
RAD54B,0
C9orf9,0
MCC,0
CAV2,0
IL21R,0
AURKA,0
ITPKC,0
SCAND1,0
STRADB,0
COL4A3,0
TREX2,0
HTR3A,0
TRIM46,0
EID3,0
APBA1,2
TUBB2B,0
SIGIRR,0
GRIA1,0
TOMM70A,0
CARD14,0
TARDBP,0
GCC1,2
RASGRP2,0
IL10RA,0
SRRM1,0
ACTC1,2
SMC5,0
AKAP7,0
GABRG2,0
SORL1,0
MBL2,0
AGTR2,0
THOP1,2
PIAS2,2
MMP3,0
MAP1LC3A,0
CXCL2,0
STAP1,0
BAZ1B,0
SMN2,0
C6orf165,0
RRAD,0
EIF3D,0
KIF1C,0
SPEN,2
ICMT,0
TERT,2
YAP1,2
NUMBL,0
CDC16,0
CD79B,0
UPF3B,0
SOCS6,2
RASA3,0
MAP2K2,0
DES,0
MC3R,0
ADAM10,2
PRDX1,0
CPSF1,0
ASAP1,2
BTBD2,0
S100A1,0
CSTF2,0
NAT9,0
PMEPA1,0
ARL4D,0
NDUFS2,0
DAPK1,0
MYO16,0
HNRNPD,0
HECTD1,0
CD81,0
CETN3,0
STAMBP,0
EPHA3,0
SCYL1,0
SH2D3A,0
MAGEA4,0
FAM173A,0
BLK,2
TOB1,0
ITPKB,0
KCNJ9,0
ASGR1,2
HTR1D,0
CCL2,0
SPTBN2,0
DHX16,0
EPB41L2,0
FANCA,0
MCM3AP,0
TGFBI,2
GDA,0
LPA,2
RPS19,0
HSPA4,0
NADK,0
BMP3,0
XRCC5,0
DDR2,0
PSMC2,0
HCRT,0
PACSIN3,0
TRIM11,0
FBN3,0
TIMM50,0
WRN,0
UBE2A,0
RPA2,0
GRIK1,0
KITLG,0
PHC1,2
GHRL,0
KLRD1,0
NRTN,0
MAPK13,0
KLRK1,0
CDH15,0
UBE2W,0
NPR3,0
CARD11,0
RAPGEF3,0
SORBS2,2
FMNL1,0
NAIP,0
USP54,0
GFAP,0
UBE4B,0
LSM6,0
PCDHA4,0
SPTB,0
GSTP1,0
ASF1A,2
BANP,0
MED14,2
FAM107A,0
SYT5,0
CCL8,0
RANBP10,0
TLR6,0
PTGS2,0
MEP1A,0
NLK,0
CASP14,0
TNFRSF21,0
TASP1,0
PCGF2,0
TNFRSF6B,0
GSN,2
PPAP2C,0
MATK,0
SPEF1,0
RPGR,0
FBXO28,0
HLA-E,0
TIE1,0
KRT5,0
SNIP1,0
BCR,0
HIF1AN,0
TAC3,0
TRAK2,0
CEP55,0
UFD1L,0
STK39,0
COG2,0
NOTCH2NL,0
STAU1,0
SYT2,0
SHH,0
CCR2,0
NEBL,2
PAFAH1B3,0
TF,0
FMR1,0
PFKL,0
FANCD2,0
MAEA,0
TNF,2
CDK8,0
TNFRSF19,0
FCGR2A,0
AFP,2
RMND5B,0
ELOF1,0
TGFB2,0
GRIN2A,0
SNCB,0
ZFP36,0
PABPC1,0
PTBP2,0
TOR1AIP1,0
SSSCA1,2
TGFA,0
LILRB2,0
EPHA4,0
STIP1,0
CADM1,0
TAP1,0
IFNG,0
STRN4,0
IRAK1BP1,0
ACIN1,2
WARS,0
LCP1,2
STX3,0
MAP4,0
SUPT4H1,0
SIAH2,2
GNG13,0
ITGA8,0
GLRX,0
EYA2,0
KIF4A,0
SEC31A,0
DLG5,0
FBXO30,2
FZD6,0
HEXDC,0
SLC18A2,0
MUC7,0
TACR1,0
C1QTNF1,0
POLR2A,0
TNK2,0
ODC1,0
ANKS1A,2
TRAF3IP2,0
EXOC7,0
ASB13,2
AKAP13,2
CUL9,0
MCM10,0
C11orf30,0
NOTCH3,0
SH3BP1,0
TCOF1,0
PMF1,0
TRAK1,0
CNKSR1,0
CAP1,0
CBX2,0
LRRC7,0
IFITM1,0
XAB2,2
SCIN,0
UBE2D4,0
IL2,0
APEH,2
KARS,0
DPYSL5,0
UTRN,0
BUB1B,0
TNFRSF1B,0
PRG2,0
GAST,0
NECAB2,0
TSPO,0
DUSP13,0
UNC13D,0
EGLN2,0
CFL2,0
TRPM7,0
SPRR2D,0
GMNN,0
BIN1,2
INPP4A,0
MED17,0
SHB,0
NUP62,0
LIN7B,0
ETHE1,0
ACAP1,2
NEFM,2
KRT81,0
CBLC,0
VDAC1,2
CAMK2B,2
CACNA1A,0
FBLN2,0
FGF17,0
SIL1,0
PCSK5,0
MVP,0
TRDMT1,0
TRAPPC4,0
GRID2,0
PLA2G2A,0
NLRP12,0
RNF216,0
RGS10,0
TRPV4,0
CUL7,0
UBE2D3,2
EIF3C,0
RAB33B,0
IL2RA,0
GRB14,0
SLC22A5,0
CDC27,2
KIF1B,0
S100A13,0
KEAP1,0
TAF7,0
KLRC3,0
PRSS23,0
PLEKHJ1,0
DNM1L,0
ERCC5,0
MPDZ,0
CHMP2B,0
FZD8,0
TPM3,0
EYA1,0
PRKAR1B,0
BTBD1,0
USP4,2
GOLM1,0
TAPBP,0
SF3A1,0
PMAIP1,0
DCP2,0
BAG4,2
SNTB1,0
RASSF5,0
STXBP2,0
BAIAP2,0
SYNE1,0
TPD52L1,0
FBN1,0
GPBP1L1,0
FBP1,2
POLR2G,0
MDFIC,0
USP8,0
TIMP1,0
GDF6,0
TRIM28,0
RECQL5,0
PAPPA,0
PDE3B,2
SLC8A1,0
CNN1,2
LUC7L,0
C6orf47,2
SELPLG,0
CACNA1B,0
CHAF1B,0
AATF,0
INHBB,2
COL8A1,0
MED19,0
NDC80,0
TPD52,0
CNOT8,0
CORT,0
HSPA9,0
GRIP1,0
TMEM161A,0
NPPC,0
TRAFD1,0
ARAP1,2
CD14,0
STX1A,2
SYN1,0
EIF4E,0
RPP14,2
RNF7,0
UBXN1,2
SH2B3,0
SECISBP2,0
CALD1,0
TPPP,0
MKL1,0
RAPGEF4,0
FBXW11,0
BBS4,0
CHPF,0
CCR4,0
NAP1L5,0
LARP1,0
AGTRAP,0
MED6,0
SNRNP200,0
ANKRA2,0
USP7,2
PRPS1,0
SASH3,2
RFC5,0
UBQLN1,0
PPFIBP2,0
JAM2,0
TANK,0
IPO11,0
BRF1,0
C5AR1,0
GPC3,0
TP53I3,0
FAM134A,0
ANGPTL1,2
SDCBP2,0
PRKCE,2
TRAF3IP1,0
MKNK1,0
SUGT1,0
GNB3,0
PSMA5,0
ITGAX,0
NGB,0
SIGLEC7,0
H2AFY,0
BAG1,0
AFTPH,2
DTNBP1,0
RPS3A,0
STK3,0
CAP2,2
CCDC14,0
PEA15,0
RAP1GAP,0
DLGAP4,0
STX4,0
SHPRH,0
RIPK2,0
POLR1A,0
SLC22A11,0
NOSIP,0
ANXA5,0
REPS1,0
SAFB2,0
BCOR,2
ARHGAP21,2
KCNQ5,0
QTRT1,0
PEX13,0
C10orf54,0
WISP2,0
DNPEP,0
UBA1,0
EPHB6,0
LMO3,0
DHX9,2
TEK,2
ILF3,0
ARFIP1,2
GSK3A,0
RPN2,0
WASL,0
IK,0
NRXN2,0
IGFBP1,0
ITGAL,0
LYST,0
LRP8,0
HPCAL4,0
HMMR,0
MED25,0
STK35,0
OS9,0
DNAJB6,2
NRG1,0
HTR2B,0
GLB1,0
PARP2,0
RHEB,2
CRELD2,0
RAP1GDS1,0
INPP5K,2
FUT4,0
BEND7,0
IPO8,0
APBB1IP,0
PRKX,0
GAS1,0
SLC8A2,0
RTDR1,2
RPN1,0
ZCCHC10,0
NDRG1,0
CNTROB,0
PLTP,2
GORASP2,0
HDAC7,0
MMP11,0
DEK,0
SF1,0
AQP4,0
ATPIF1,2
BMP6,0
ODF1,0
INPPL1,0
CNTNAP2,0
SLC35E1,0
MAGI3,0
STX11,0
COG5,0
FER,0
CKM,0
DUSP6,0
PIP5K1A,2
SSTR3,0
HSPBP1,0
DDX17,0
SIGLEC10,0
EEA1,0
ING4,0
SLCO1A2,0
CALCR,0
ERCC2,0
COL4A3BP,0
APOH,2
MAPRE3,0
GPRIN2,0
PDIA3,0
AKAP3,0
TRPC4AP,0
HLA-A,2
SBF1,0
B2M,0
FZR1,0
RAB14,0
CD72,0
INSRR,0
SH3BP5L,0
P4HB,2
DGKD,0
STK4,0
ATP6V0C,0
PPM1B,0
AKT1S1,0
HLA-DMB,0
CDKN3,0
TRAIP,0
ANGPT2,2
TERF2IP,2
RAD18,0
TALDO1,0
RBM39,0
IL12RB1,0
PLK4,0
SELE,0
LIMS1,0
HTR2C,0
MAPKBP1,2
PLA2R1,0
RAD50,0
HNRNPAB,0
CAMSAP1,0
MACF1,0
SUCLG2,0
TRPC1,0
SERPINF1,0
PKP4,0
TRPV6,0
PAAF1,0
MKL2,0
S100A7,0
CNNM3,0
MAGEB18,0
BAG2,0
MPP3,0
ZDHHC3,0
THEG,0
EPHA5,0
HNRNPF,0
PTGDS,0
CXCL10,0
PPP2R1B,0
SEPT2,0
SENP2,0
KCND2,0
IL22RA2,0
GTF2E1,2
PARVA,0
CNTN2,0
BIRC7,2
GPR151,0
TP53BP2,2
TGS1,0
CARD8,0
PDHB,2
CFTR,0
IFNGR1,0
NTSR2,0
EPS8L1,2
GSTM4,0
AP2A2,0
BRD7,2
UBE2O,0
LRRC1,0
SLIT2,0
GPHN,0
CCHCR1,0
EIF3L,0
APBB2,0
EFTUD2,0
NCSTN,0
SOD2,0
IL2RG,0
FLNB,0
CD8B,0
NARS,0
RABGEF1,0
NXT1,0
AIP,2
NAP1L1,0
FXYD1,0
RAB8B,0
RGL4,0
PCSK7,0
CCL21,0
APPBP2,2
SCN4A,0
SVEP1,2
ASRGL1,0
COPS7A,0
UBOX5,0
LSM10,0
PPP3R1,0
FAM46A,0
CCT5,0
NUDT5,0
TAL2,0
MAP2K3,0
FGB,0
RIT1,2
RUFY1,0
CD8A,0
IFT20,0
CBX5,2
CCDC120,0
S100A6,2
GRM1,2
TUBGCP4,2
PTCH2,0
ZRANB2,0
PPID,0
CSH1,0
TM4SF1,0
MRFAP1L1,0
DLGAP1,0
MEGF10,2
RINT1,0
EFNA4,0
AP1G1,2
TBC1D17,0
VCAM1,0
CCR1,0
LAMA1,0
IGBP1,0
DTX1,0
SORT1,0
GPX1,2
AP2M1,2
HECW1,0
CASR,0
CYTH3,0
BCL2A1,2
GLMN,0
LASP1,2
TCEB3B,0
IL10RB,0
HERC5,0
DLST,0
FAM175A,2
PUM1,0
CPSF3,0
ARIH2,2
DOCK7,0
FZD1,0
TSPAN6,0
RIPK3,0
LAMC1,0
RIBC2,0
IL7R,0
NSF,0
PIK3CG,0
EEF2K,0
BRAP,0
GPSM2,0
FLG,0
MCL1,2
SERPINB13,0
PTCD3,0
DIP2A,0
FAM103A1,0
TMED1,0
WFS1,0
GIGYF1,0
ARL3,2
GNA15,0
SKAP2,0
NCKAP1,0
ING5,0
IKBKAP,0
FGF18,0
VTI1B,0
WDR62,0
NDFIP2,0
STX8,0
KPNA3,0
MGAT1,0
CSF1,0
EMCN,0
CDKN2B,0
AKR1C3,0
COMMD1,0
RAPGEF1,0
UGP2,0
LZTS2,0
PKP2,0
STMN1,0
NOG,0
SSX2IP,0
MPG,0
PHGDH,0
GTF2A1,0
DNAJC3,0
TACR2,0
DPPA4,0
AKAP14,0
SLC8A3,0
VIPR1,0
CCDC116,0
CA2,0
INCENP,0
SEMA4D,0
SETD7,0
PF4,0
SEMA4C,0
PLXNA2,0
TYRO3,0
GOLGA3,0
KLC2,0
ALB,0
LIN7C,0
RAMP2,0
RNF5,0
GTPBP1,0
ILK,0
TLE2,0
SPRED2,0
DSC3,0
KIF5A,0
XPOT,2
SIRT1,0
PJA2,0
TAF9B,0
COX17,0
UBE2D1,2
GADD45B,0
REXO1,0
PIAS3,2
NES,0
USP13,0
SCRIB,0
OGDH,0
KRT17,0
GOSR1,0
EIF3B,0
C7orf25,0
CCNE2,0
PLK3,0
PAEP,0
TLR10,0
FKBP2,0
RGN,0
FTH1,0
PAK4,0
LSM5,0
PDHX,0
SORBS3,2
PTPN5,0
C1orf174,0
MS4A2,0
EPB41L3,0
C11orf68,0
COPS7B,0
CDK7,2
ISOC2,0
PI4K2B,0
EML4,0
ICAM1,0
NEU4,0
DARC,0
TMED2,0
ANKRD11,0
CELSR1,0
RGPD5,0
IL3,0
CAD,0
PPP4C,0
ALAS1,2
FKBP1A,0
PRDX4,0
AREG,0
GC,0
RAD17,2
EEF2,0
ADD2,2
AGR2,2
MED15,0
ADCY5,0
TCTEX1D2,0
PPFIA2,0
CPSF6,0
MC5R,0
XRCC1,0
TRRAP,2
ACVR2A,0
AAMP,2
POLR2L,0
SDCBP,0
PITPNM1,0
RIF1,0
SPN,0
SNX24,0
CITED2,0
MELK,0
KCNMB1,0
ZNHIT3,0
C10orf88,2
RANBP1,0
LRP10,0
CXCR3,0
RAB7A,0
TDGF1,2
ERCC3,0
NPY2R,0
DBN1,0
TAOK1,0
IKBKG,0
OPN1LW,0
CCL17,0
MMP16,0
RYR1,0
GCH1,2
PITPNM2,0
DNTTIP2,0
NPY,0
CCNG1,0
LIME1,0
NPR2,0
FFAR2,0
GKAP1,0
CLK1,0
ATXN2L,0
GUCY2C,0
PTCH1,0
CCKBR,0
RABEP1,0
HN1L,0
DEDD2,0
IL22,0
BRD8,0
ELL,0
RCVRN,0
MED24,0
MAGEH1,0
PSMB4,0
CNTN1,0
PI4KB,0
STK40,0
CD40LG,0
SMNDC1,0
FATE1,0
CHD1,0
CRYAB,0
IL12B,0
RAD21,0
EVL,0
RHOJ,0
RGS12,0
PCNT,0
STX12,0
AMY1A,0
FNTB,0
AKAP1,0
RAB3IP,0
COPA,0
TTC17,0
PRKD2,0
PGLS,0
MCHR2,0
MAML1,0
VANGL2,0
SETD2,0
GDNF,0
COG4,0
DDX19B,0
OLA1,0
DLGAP5,0
THBD,0
LEMD3,0
ADAM23,0
CD97,0
PPP2CB,0
MAGOHB,2
NLRP1,2
TXLNA,0
METAP2,0
IL27RA,0
TCHP,0
HSP90B1,0
CD151,0
ERAP1,0
PRKCH,0
ATP5J,0
OLFML3,0
DDX54,0
CIITA,0
ICAM5,0
SDK1,0
NPAT,0
COL11A2,0
BNIP1,2
C9orf114,0
CCNB1IP1,0
GPN1,0
TCAP,0
ARL6IP1,0
BDP1,0
BDNF,0
MATN2,0
FNTA,0
DNMBP,0
POLD1,0
RNF10,0
USH1C,0
PIH1D1,0
KIFAP3,0
UCHL3,0
STAM2,0
MPHOSPH8,0
PPFIA3,0
KDELR1,0
UBA2,0
EIF4G2,0
MKNK2,0
WASF1,0
DYNC1I2,0
RIMS2,2
CAMLG,0
PRPF4,0
CCL22,0
RAD52,0
ARHGEF15,0
AKIRIN2,0
PTHLH,0
CDC42EP1,0
RND1,0
ITGAD,0
MICAL1,0
RUVBL2,0
FGFBP1,0
IL4,0
PPHLN1,0
RPS6KA4,0
SLC34A1,0
DLL1,0
RABEPK,0
SELENBP1,0
PLA2G10,0
F8A1,0
TIAM2,0
YAF2,2
GEMIN7,0
TRPC6,0
MAML3,0
JMJD1C,0
CTGF,0
DIS3,0
SCNN1B,0
CSE1L,2
TIMM17A,0
FRS3,0
SH3RF1,0
MYH10,2
TRAF3IP3,0
PRPF3,0
EXOSC7,0
GTF2F1,2
PLD1,2
CLTA,0
PDLIM1,2
CTNNBIP1,0
XRCC4,0
CDK2AP2,2
GPNMB,0
VHL,0
SCN8A,0
DFFA,0
VAC14,0
CNR1,0
GTF2E2,0
UCK2,0
SYTL3,0
GPR26,0
RAVER1,0
UACA,0
HIST2H2BE,2
HDLBP,0
RPL14,0
GIT2,2
FNBP1,0
RBM23,0
DSTN,2
TRIP10,2
DDX18,0
CCL11,0
FAM131C,0
RHOC,2
APBA3,2
IGFBP7,0
BAG3,0
BTG3,0
GABRB2,0
MID1IP1,0
LBR,0
SPOCK3,0
PTK6,0
LTF,0
TES,0
SCN5A,0
IDE,0
IL1R2,0
EXOC5,2
WTAP,0
SERPINB8,0
POMC,0
VPS11,0
PSMD10,0
REV3L,0
LPAR2,0
RPL12,0
WAC,0
KRIT1,0
CAT,0
PI4KA,0
POLE4,0
TROVE2,0
BNIP3L,0
PGS1,0
CDK6,0
PDZRN3,2
TXNL4A,0
BRF2,0
PSTPIP2,0
CXCL11,0
NPHS1,0
EXOSC1,0
CXCL13,0
ACAN,0
GNPAT,0
CABLES1,2
CD3E,0
EXOSC5,0
DISC1,2
NMT2,0
BGN,0
TSEN15,0
MATN1,0
UBE2Z,0
MRGPRX2,0
C1orf65,0
TMPO,0
IGFBP6,0
MC4R,0
RNF14,0
CDH10,0
EFNA3,0
PACS1,0
CDC23,0
CADPS2,0
HINT1,0
FRAT1,0
SRP72,0
PROCR,0
DHH,0
NOS1AP,0
CREG1,0
FBF1,0
CXCL9,0
F2RL3,0
RABGGTA,0
FSHB,0
CNTF,2
VAMP4,0
PSD,0
PIR,0
CHRDL2,0
IL10,0
GDI2,0
KISS1R,0
SNX5,0
PPP1R1B,0
SCNN1G,0
PCYT1A,0
WDR47,0
ZMYND8,0
UFM1,0
CCAR1,0
DNAJC14,0
EIF5A,0
HBEGF,0
ABCB1,2
GPR108,0
IL3RA,0
KCNQ2,0
RXFP4,0
GEM,0
VPS35,0
AFAP1L2,0
DKK1,0
SULT1E1,0
AMH,0
MAP3K12,0
DUSP16,0
LRRC41,0
CBS,0
SNAP91,0
SERPINA1,0
RUFY2,0
LIMS2,0
PRDX6,0
PDCD2,0
C19orf60,0
MSTN,2
DNAJB11,0
TXNDC11,0
MRPS9,0
SOD1,2
PLA2G16,0
GDE1,0
PTPRCAP,0
FBXO4,0
GARS,0
MC1R,0
RAPSN,0
S100A4,0
NOLC1,0
UBE2L6,0
BSPRY,0
VPS4B,0
NDUFA13,0
SUCLG1,0
COPS8,0
TSSK1B,0
TSPAN3,0
VEGFB,0
TNS1,0
PEX19,0
INHBA,2
IL9R,0
SPTA1,0
CRYM,0
EXT2,0
RLBP1,0
CUL2,0
RGS20,0
FZD9,0
ARHGDIA,2
DCTN3,0
KCNE4,0
ATG3,0
CD3D,0
NQO1,0
PMP22,0
SIT1,0
CITED1,0
GTF3C4,0
CASP10,0
CNOT1,0
MAST3,0
CRY1,0
ROR2,0
NOP2,0
POLH,0
CSRP3,0
HSPH1,0
MAGED4B,0
WBP2,0
PTAFR,0
RENBP,0
OSMR,0
SNX1,2
SUZ12,0
SMPD3,0
ATP5C1,0
VIP,0
MYRIP,0
CGN,0
HACL1,0
ARFRP1,0
CDC6,2
CHRM1,0
CRADD,0
ATP6AP2,0
FPR2,0
RPL7,0
F2RL2,0
PPIG,0
PARD6G,0
LBP,0
REEP5,0
HIP1,0
ACAT2,0
DUSP5,0
ZMYND11,2
PRKD3,0
STMN2,0
COPG2,0
S100A11,0
RBM7,0
TFPT,0
CSTA,0
BRD1,0
CHRNA4,0
PLCE1,0
MAN2A2,0
RXFP2,0
MLNR,0
VPS4A,0
AKAP5,2
BAHD1,0
RYK,0
DUT,0
PPP6C,0
TMPRSS3,0
PUM2,0
TEX11,2
CCL3L3,0
PBK,0
OPN1MW,0
ITM2C,0
PARD3B,0
BYSL,0
CP,0
MADD,0
RBM8A,0
CLCN5,0
MARCKS,0
ARL15,0
ELP2,0
NRAS,2
RASL12,0
ANP32A,0
INADL,0
RAI1,0
AP1S1,0
CD6,0
SNRPA,0
MIPEP,0
TMPRSS6,0
CTNNA1,0
RPL4,0
IFITM2,0
RALGPS1,0
IGF2,0
PDZK1IP1,0
PRDX3,0
CIB1,0
SLC25A6,0
CCL13,0
POLR2H,0
IL17RD,0
NOV,0
SNX7,0
SPG21,0
RAC3,2
CCNA1,2
SLAMF1,0
RPS25,0
POLE,0
PTPN3,2
CCL18,0
TULP2,0
UBAP2L,0
INPP5A,0
RAB2A,0
RAB5C,0
EXPH5,0
LAT2,0
NOS2,0
RPLP2,2
ARAF,2
ACO2,0
SYMPK,0
WBP11,0
RGR,0
MRPS26,0
NF1,0
CD27,0
KIR2DS4,0
DARS,0
LAG3,0
POLR2J,0
TAF1B,0
KLK2,0
BTC,0
AP1S2,0
MPP2,0
ALS2CR11,0
ADAM15,0
SLC27A6,0
PPARGC1B,0
CACNB1,0
CHRNB1,0
MYL6,0
CNOT3,0
COL25A1,0
LPL,0
KCNE1,0
ARPC5,2
PKD2,0
CAPN3,0
SLC4A8,0
TXNRD1,0
HAPLN1,0
RRH,0
MEGF11,0
DOCK1,0
GRM8,0
WDR18,0
KCNA3,0
SHKBP1,0
CTDSP1,0
SRGAP1,0
WDR91,0
APIP,2
NUP54,2
NXF2,0
MTSS1,0
MED7,0
RCN1,0
ADCY10,2
LPHN1,0
COMT,0
ANGPT1,2
NCR2,0
RGS5,0
CHD9,0
FBXW5,0
PRPF40B,0
DRG1,0
TREM2,0
SAFB,0
ADAMTS1,0
GPAA1,0
PHACTR1,0
MYH2,0
FAT1,0
LGALS3BP,0
C1R,0
CXCL12,0
MLH1,2
GFRA2,0
N4BP3,0
CD59,0
ASAH1,0
RGL2,0
KLKB1,0
KCNQ1,0
ELN,0
RABGGTB,0
LIN7A,0
GGT1,0
CDH3,0
NOP56,0
MAML2,0
PCSK1,0
ING3,0
TCP1,0
LPHN2,0
EAPP,0
KIAA1715,0
TMEM11,0
RGS3,0
FAM20C,0
PDE4D,2
RMI1,0
EFS,0
CLK2,0
MYOCD,0
NCF4,0
IGFBP2,0
ARL8B,2
PDIA4,2
KCNA5,0
INHBC,2
TRIM63,0
GALR2,0
CDKN2C,2
HK3,0
SEMG1,0
AGER,0
UCHL1,0
GAS7,2
HLA-DRA,0
SDHC,0
WTIP,0
PDE6G,2
CACNB4,0
THOC5,0
GAB2,0
TESK2,0
MED9,0
GGA3,0
BNIPL,2
DUSP9,0
AXIN2,0
PSMB1,0
PLEKHB1,2
NUAK2,0
CDKL1,0
DUSP3,0
ST5,2
FAM83D,0
CISH,0
WIPI1,0
DKK3,0
PLCD4,0
SERPINB6,0
MMS19,0
BLOC1S1,0
DDAH2,2
DDB1,0
SERPINC1,0
SLC6A4,0
CXXC5,0
ELAVL4,0
KRT20,0
KIAA1279,0
PIN4,0
CCNDBP1,0
COL5A1,0
SSR1,0
SLC22A1,0
AVPR1B,0
MED21,0
CCL3,0
KIF3A,0
KIF3B,0
HP,0
KIF5C,0
HLA-G,0
RIMS1,0
APOA1BP,2
CPB2,0
IGF1,0
C4A,0
DDX1,0
POLE2,0
RSU1,0
CNGB1,0
ASCC3,0
TEKT4,0
PEX10,0
METTL1,0
PRR14,0
PLXNA1,0
EID2B,0
ULK1,0
SFI1,0
FKBP8,0
ROGDI,0
KRT10,0
MIP,0
CD53,0
COL9A2,0
LTBP1,0
SERPINB2,0
NUPR1,0
MAP7D1,2
GP6,0
PILRB,0
PIK3R5,0
HOMER3,0
NIPSNAP1,0
GRIK2,0
KCNB1,0
RAB35,0
CDCP1,0
CEP57,0
PITPNA,0
CRCT1,0
RAB34,0
NFU1,0
PELI2,0
RPL29,0
IFT140,0
CCL20,0
CCNL2,0
RND2,0
POLR1E,0
PVRL1,0
CPNE1,2
PSMB5,0
EDAR,0
PLK2,0
PABPC4,0
PYY,0
HPS5,0
GCGR,0
POLL,0
PRKCSH,0
CABP2,0
C6orf136,0
RPH3AL,0
EDNRA,0
SHMT1,0
GABBR1,0
HDAC8,0
TNFSF14,0
CYTH1,0
RRM1,0
SIRT6,0
ARF3,2
CACHD1,0
CCR7,0
CAMKK1,2
AP3B1,0
PAK3,2
CUL4A,0
LIMK1,0
LAMA2,0
IKBKE,0
CHCHD3,0
CD80,0
SPAG5,0
SLC35A2,0
RRBP1,0
PTP4A2,0
LRP5L,0
TPH1,0
PSTPIP1,0
NIPBL,0
PPM1F,2
IGSF5,0
RAB31,0
KRT6A,0
NBEA,0
OFD1,0
CXADR,0
GJB1,0
CRY2,0
ACD,2
FGF3,0
CAND2,0
NUMA1,0
NUP88,0
MAN2B1,0
CPNE2,2
HNRNPR,2
ALG13,0
MPP5,0
RFC4,0
FCER1A,0
CLINT1,0
RGS18,0
TRH,0
LYPLA2,0
C19orf57,2
HSBP1,0
MRPL42,0
GAD1,0
MSH6,0
S1PR3,0
CYBA,0
KHDRBS2,0
PPP1R13B,0
CNOT6,0
INO80B,0
CTSK,0
PPIB,2
CCL15,0
TMEM98,0
STRN3,0
CGA,0
DALRD3,0
ITGB6,0
CD2AP,2
PFDN4,0
PTGDR,0
ANG,2
MRPL28,0
PAPSS1,0
CAPZB,0
ERCC8,0
ALDOB,0
SNX6,2
IL15RA,0
UROD,0
NGF,0
PTH,0
SYT6,0
VPS28,0
ADAMTSL4,0
SF3B3,0
PIK3C2B,0
ARFGEF2,2
ATG9A,0
BLOC1S2,0
FBL,0
RACGAP1,0
NTS,0
HIST2H2AC,0
FGD6,2
ASNA1,2
NIT1,0
UBE2B,0
CTLA4,0
LPP,2
KBTBD7,0
FGF8,0
KTN1,0
PDIA6,0
UXT,0
SNRPG,0
PTGFRN,0
CDH24,0
GOLGA4,0
PPP2R5E,0
TJP2,0
CD86,0
RAD54L2,2
RUSC2,0
UBE2K,0
APBA2,2
PEBP1,2
ROBO4,0
ZYX,0
GRK1,0
ORAI2,0
EFCAB4B,2
WNT7B,0
GNA14,0
NEFH,0
PLAT,0
LAMA3,0
EIF4G3,0
CCDC85A,0
MED30,0
CHM,0
TLK2,0
PMPCA,0
SMPD1,0
GNRHR,0
S100P,0
IAPP,0
TJP3,0
SLBP,0
BTF3,0
CCT3,0
NOVA1,0
EPHB4,0
ODF2L,0
TREM1,0
TPM1,0
C10orf2,2
GLG1,0
PSMB6,0
FLYWCH1,0
PRELP,0
CARD9,0
FGF9,0
MYOT,0
IFNA1,0
HIST1H2AL,0
HNRNPUL1,0
ELAVL1,0
FLOT2,0
AKAP12,2
SARS2,0
AFG3L2,0
CHMP2A,0
SDCCAG3,0
TTK,0
SPG7,0
ACTL6B,0
GRK4,0
ANKS1B,2
APLP2,0
PTGFR,0
MGEA5,0
IL13,0
RGS6,0
TYROBP,0
ITGA11,0
DYDC1,0
MAP2K5,0
GNG4,0
MED12,0
GNG11,0
HSPA1B,0
CNPY4,0
PRKG2,0
CCDC11,0
SCT,0
KIF15,0
TANC1,0
BDKRB1,2
FLT3,0
PPP1CB,0
GPI,2
MED13,0
CD74,0
RAB9A,0
CCDC137,0
FSD1,0
HCRTR2,0
C10orf12,0
SRI,2
EIF3K,0
SLC1A6,0
LRCH4,0
CSTB,0
EHD2,0
WNT4,0
TMBIM6,0
RUNDC3A,0
MAD2L1BP,0
TLR7,0
GGA1,0
SH3D19,0
COX5A,0
MAP1S,0
UNC5A,0
TRIP4,2
TWF1,0
RASD1,0
BAMBI,0
MDH1,0
ITM2B,0
GABARAPL2,0
SGK3,0
EID2,0
PIP,0
TAF12,0
PCOLCE,0
CLIC5,2
ENPEP,0
ADAMTS4,2
KPNA6,0
PLEKHF1,0
KIAA0513,0
MID2,0
QPRT,0
GSPT1,0
IL1B,2
OXT,0
LAPTM5,0
AUP1,0
CD163,0
PGK1,0
ARFGAP1,0
FCHSD2,0
POR,0
TRIM5,0
FAM50B,0
MALL,0
HARS,0
SCGB1A1,0
HDAC10,0
MTNR1B,0
LITAF,0
SLC25A38,0
IER3,0
KHDRBS3,0
OXSR1,0
TPM2,0
LRP12,0
NBN,0
KRT27,0
WDR74,0
NKAP,0
PDGFC,0
FAM101B,0
CCL16,0
PPP2R5D,0
DACT1,0
PALLD,0
PDCD7,0
CLDN3,0
RHPN1,0
HSPB8,0
ANK3,2
SNCAIP,2
DPP3,0
CENPF,2
CBX3,0
RTN4R,0
GOLGA5,0
MTMR4,0
WNT7A,0
RBM4B,0
ROM1,0
CORO2B,0
LTB,0
RPS14,0
SERPINE2,0
ENOX1,0
PPP1R12C,0
FSTL3,0
MIF4GD,0
ADCYAP1R1,2
GLRX3,0
WNK1,2
RCHY1,0
EXOSC9,0
NCAPG,0
APBB3,2
EFNA2,0
NOL4,0
PIP4K2B,0
UBE2L3,2
DDX27,0
GUCY2D,0
ICAM2,0
GPR17,0
ANXA13,2
GPLD1,0
GJA8,0
EBI3,0
C2,0
NPM3,0
OCRL,0
PAFAH1B2,0
PARP10,0
SGTB,0
TUBGCP3,0
RRM2,0
KLC3,0
CDC7,0
CD3G,0
FBLN5,0
MYL2,0
RAB11FIP4,0
MYOZ2,0
SPSB1,0
PEX12,0
CHRM4,0
HGFAC,0
RALGPS2,0
S1PR5,0
SYVN1,0
IMPDH2,0
USP2,0
ZFC3H1,0
EIF3F,0
TNNI3K,0
URB1,0
MARK1,0
OXTR,0
APOM,0
TNKS2,0
GANAB,0
ARG1,0
SYTL2,0
MAP3K13,0
IHH,0
DYNC1H1,0
HLA-DQA2,0
EIF4A1,0
TAF5L,2
HMGN3,0
VAPA,0
CLCN3,0
CENPE,0
CAPRIN1,2
DPYSL2,0
BRD3,0
CRYAA,2
RGS13,0
SMG5,0
RAB3D,0
BUB3,0
SLA2,0
SS18L1,0
UBL4A,0
HAAO,0
WWC1,0
EIF4EBP3,0
DNAJC10,0
DOCK2,0
PHF21A,0
ITIH2,0
KIF13A,0
PTPMT1,0
CRIP1,0
PLEKHA4,0
MPZL1,0
ARL5A,2
IFFO1,0
OSTF1,0
CLDN1,0
FLT3LG,0
EPHA6,0
KCNA4,0
MRAS,0
P2RY12,0
NSFL1C,0
GTPBP3,0
ARHGAP29,2
CXCR5,0
SRFBP1,0
MVD,0
NPY1R,0
AP4M1,2
DRD5,0
FAM115A,0
KSR1,0
EIF5,0
RASGRP4,0
BLMH,2
VPS72,0
KCNA1,0
DCP1B,0
PTX3,0
CYLD,0
A1BG,2
HPCAL1,2
ST14,0
EMILIN1,0
RB1CC1,0
RHOB,0
CHIC2,0
LATS1,0
SYNCRIP,2
SMYD1,0
OASL,0
CEP135,0
LCMT1,0
IL11,0
SFRP2,0
LDHA,0
USH2A,0
MIF,0
DUSP19,0
HIRIP3,2
IL1RN,0
TSSC4,0
ARHGAP15,2
VEPH1,0
GTF3C3,2
NME7,0
TPM4,0
AGGF1,2
IFT172,0
MS4A7,0
FBXL5,0
DDX56,0
MCM6,0
DTNA,0
PARVG,0
SS18,0
MCHR1,0
KALRN,0
DNAJB9,0
PIP5K1B,0
BIRC6,2
GPR37,0
SNX17,0
WNT2,0
KIR2DL1,0
LILRA3,0
CCKAR,0
TTC38,0
NELL1,0
WNK4,0
PLP2,0
CRH,0
POLE3,0
LLGL1,0
NID2,0
RAB3IL1,0
AKT3,2
SH2D4A,0
GFER,0
LIMD1,0
CNGA2,0
KCNH2,0
NME3,0
UBASH3B,0
CD3EAP,0
C1orf35,0
PDE5A,0
PSMC3IP,0
BEX2,0
HMGCL,0
CYFIP2,0
TRIO,0
KCNE3,2
CADPS,0
KIF13B,0
PHF23,0
OSM,0
ADIPOQ,2
PYCR2,0
PTOV1,0
PCIF1,0
FBXO7,0
WDR89,0
RHPN2,0
ASGR2,0
RPS6KC1,0
FEZ2,0
TREX1,0
ITGB8,0
SMS,0
CHRNA7,0
CAMP,0
ECSIT,0
IRAK4,0
AGK,2
SLC9A3,0
CKS2,0
PDCL,0
RALA,0
LTBP3,0
TTC1,0
F5,0
KCNMA1,0
ORM1,0
PRPF38A,0
CIT,0
GNG3,0
ADIPOR2,0
KRT14,0
DGCR14,0
TEP1,0
PPP1R7,0
SLC22A4,0
NOD1,0
RAMP1,0
PRAM1,0
GIPC2,0
PLA2G1B,0
GTF3C2,0
GPR143,0
ACTN3,2
ELSPBP1,0
ANKRD13A,0
FNBP1L,0
SFRP1,0
EEF1A2,0
DLL4,0
KCNJ6,0
EFNA5,0
PLSCR4,0
KEL,0
CLPB,0
OPTN,0
AIF1,0
NRD1,0
KIAA1683,0
GLTSCR2,0
AGTPBP1,0
SNAPC1,0
RGS14,0
TCEA1,0
RAD23B,0
NTF3,0
PTPN14,0
TPR,0
NIPSNAP3A,0
PON1,0
JAM3,0
CHML,0
KIR3DL2,0
SNRNP35,0
DOK3,0
TNPO2,0
CDK2AP1,0
GRIK5,0
ACE,0
ARFGEF1,2
PAICS,0
NSMAF,0
KIF17,0
CELSR2,0
MAP4K5,0
MAST1,0
ENTPD6,0
CHRND,0
TRIM2,0
SNRPB,2
GRM4,0
S100A2,0
HK1,0
PLEKHA5,0
JAKMIP1,0
LAX1,0
ARHGEF10L,0
SEMG2,0
PTPRN2,0
CETP,2
F9,0
HOMER2,2
QKI,0
NUTF2,0
CLIC6,0
SPRY1,0
CNOT2,0
RPS6KB2,0
NHP2L1,0
FBXL2,0
RAI2,0
GLRA2,0
FANCG,0
CSNK1G2,0
VPS29,0
PCDH8,0
PICALM,2
MDH2,0
LNPEP,0
TRIM39,0
C4BPA,0
TNFRSF13C,0
TMEM147,0
SLC2A4,2
SEPHS1,0
BANF1,0
NEK9,0
IARS,0
MYO18A,0
NBR1,0
DGKZ,0
NRIP2,0
SCNM1,0
DNAJC13,0
CCDC53,0
OGFOD2,0
MKI67,0
KLHL3,0
GTF2A1L,0
DNAL4,0
DEFA1,0
OPRL1,0
RNF31,0
TNFSF8,0
CD177,0
NDUFA5,0
CCND2,0
TCEB3,0
STK24,2
RNF139,0
RASSF8,0
BTBD10,0
IL22RA1,0
RBBP5,0
CDK5RAP3,0
PDE1A,0
RAB6B,0
GNG7,2
LTBP4,0
AKTIP,2
POLR1D,0
NRGN,0
SF3B2,0
AANAT,0
KLRC1,0
LAMB1,0
RASAL2,0
PHF12,0
CEACAM5,0
PTGES2,0
ACPP,0
PSMC4,0
SAP30BP,0
GNMT,0
PTH2R,0
AK5,2
NUPL1,0
PKIA,2
HIRA,2
GRIN2C,0
RAB37,0
KIF11,0
NDUFV2,0
PCMT1,2
CCL3L1,0
DAAM1,0
NRBP1,0
IDH3B,0
KIR2DL3,0
IDH3A,0
TXNDC9,0
NUCB2,0
CCT2,0
NUFIP1,0
PCSK2,0
LIG1,0
ENC1,0
DBF4B,0
C1orf94,0
RBM10,2
PSRC1,0
ENSA,0
FLOT1,2
RPL6,0
SFMBT1,0
PPP2R5C,0
SUMF2,0
INHA,0
CYB5R2,0
U2AF1,0
NAT14,0
RALY,0
SYT3,2
DHFR,0
CLTB,0
SVIL,0
SLC4A7,0
VSNL1,2
SLIT1,0
ARHGAP26,2
TRAPPC2,0
SOCS2,0
PTPRT,0
SCAMP2,0
CLEC4M,0
RAB11FIP3,0
HIST1H3C,0
MYBPC1,0
CSH2,0
GABRB1,0
B9D1,0
CHN2,0
AKAP2,0
SENP3,2
INSIG1,0
GOLGB1,0
XPO5,0
DDX19A,0
AVPR1A,2
CBY1,0
CLDN2,0
FXYD3,0
LCN2,0
TLR8,0
DEXI,0
CACNA1D,0
TNNT3,0
UQCRB,0
PNPLA2,0
PEX7,0
SEPT4,0
MEGF8,0
P4HA2,0
GJA1,0
GHRHR,0
TTC27,0
MARS,0
KLC4,0
RDH5,0
QRICH1,2
UPP1,0
POLR2B,0
TDRD7,0
ITGA10,0
SAV1,0
TENC1,2
PDIA2,2
RGS9,0
C9orf78,0
UBD,0
TBCB,0
SLIT3,0
GNAT1,0
COL6A1,0
TLK1,0
LSP1,2
PTGER1,0
SNRPE,0
PIK3AP1,0
UIMC1,0
DAPK2,0
ACVR1C,2
ZMIZ2,0
SEC13,0
ANKS4B,0
PDC,0
PTPN7,0
HCST,0
NAV2,0
PLXND1,0
SEMA6A,0
TSHB,0
APOBEC1,2
DYSF,0
CCL25,0
TNFSF13B,0
TNIK,0
PRIM1,0
RELN,0
NPFFR2,0
NEK1,0
TAZ,0
LAMP1,0
DCUN1D1,0
TMEM108,2
KCNJ10,0
GLS2,0
KLK6,0
PPP1R10,0
NPFFR1,0
GRM6,0
C9,0
C7,0
BRSK1,0
DOK5,0
M6PR,0
HIST2H3C,0
MYO9B,2
USP11,0
TMEM62,2
PODXL,0
IDH1,0
PSIP1,0
LRRC23,0
HIST3H2BB,0
SH2D1A,0
CD1B,2
RILPL2,0
CCDC88C,0
LY6H,0
COPE,2
RASGRF2,0
SYNJ2BP,0
GNGT1,0
SMG7,0
ARL2,2
WSB2,0
GREM2,0
KCND1,0
SULT1A3,0
LRRCC1,0
CKAP5,0
KIDINS220,0
HCRTR1,0
TRIP13,2
GH1,0
PRKRIP1,0
ITPR2,0
SNRPN,0
HMGCR,2
GLOD4,0
H3F3B,0
EPHA1,0
FZD2,0
LRPPRC,0
SAAL1,0
SNX20,0
DHRS1,0
DPM2,0
WBP4,0
PLAA,0
POP7,0
CASP5,0
STX18,0
FAM46C,2
DNALI1,0
PDLIM4,2
PLEKHM1,0
BRD4,0
FCGR3B,0
PEG10,0
CYFIP1,0
RNF183,0
EIF4ENIF1,0
SSBP2,0
LPAR3,0
CHRNA1,0
SCG5,0
CLUAP1,0
PEX6,2
VPS37C,0
WNT5B,0
SIPA1,2
FRZB,2
HERC3,0
ARIH1,2
ANKRD2,0
UBA3,0
SPHK1,0
TAP2,0
UCN3,0
EVPL,0
FBXL18,0
XCR1,0
ZNRD1,2
FCGRT,0
FKBPL,0
NPNT,0
RHAG,0
CSRP2BP,0
ANXA6,0
ADIPOR1,2
FCER2,0
CHD8,0
BMPER,0
PRL,0
MAPK4,0
PCDH1,2
BNIP2,0
EIF2S1,2
TRAPPC6A,0
AGXT,2
SIGMAR1,0
CALU,0
RYR2,0
XK,0
TBL1XR1,0
C1orf123,0
EIF3I,0
MAPK15,0
UCN2,0
PRKAB1,0
THNSL2,0
UQCRC1,0
ARHGAP9,0
CCNT2,0
REG3A,0
DAB2IP,0
QRSL1,0
NFAM1,0
SIPA1L1,0
SCYL2,0
DEDD,2
HRH2,0
LRRC59,0
LGALS8,0
HLA-DQB1,0
SERPINA3,0
GPX7,0
FOLR1,0
PTP4A1,0
BRCC3,0
TTC3,2
CDA,0
GPR1,0
UBE2C,0
ERP29,0
PACSIN1,0
PRSS1,0
KLRB1,0
WDR5,0
RAPGEF2,0
C8orf48,0
ZFYVE20,0
UBE2J1,2
ELMO1,0
G3BP1,0
VIL1,0
MST1,0
COQ6,0
G6PD,0
HSD17B14,0
PTCHD2,0
BZW2,0
AGRP,0
PRUNE2,0
PDE4A,0
STK16,0
TOM1,0
MMP25,0
GPD1,0
MRE11A,2
DNASE1,2
USP6NL,0
PDK1,0
LOXL4,0
HSPBAP1,0
LANCL1,0
SENP6,0
KLHDC2,0
CRLF2,0
CALCA,2
ZW10,0
STOM,0
RLN3,0
HTR7,0
KPNA5,0
VARS,0
INSC,0
ARHGEF18,2
EPC1,0
ADCY8,0
EIF2B3,0
ENOX2,0
KIAA1191,0
CEP72,0
DUSP12,0
TRIM41,0
CDKN1C,0
EIF3M,0
KCNRG,0
DCLRE1C,0
RAB6A,0
STX16,0
IL11RA,0
AASDHPPT,2
SPARCL1,0
TTC19,0
BRIP1,0
OPN4,0
PSMB10,0
NME4,0
GEMIN6,0
RBM5,0
PTGER3,0
TMEM222,0
ETF1,0
FAM178B,0
NPPB,0
EYA3,0
F7,0
PLD3,2
RAPGEF6,2
BTLA,0
ANXA3,0
SNRPC,0
WDTC1,0
SYNJ2,0
MOS,0
RAB11B,0
PTTG1,0
RAPGEF5,0
PARVB,0
STK19,0
GBF1,0
CD2BP2,0
IL12A,0
CTNNAL1,2
SMO,0
AGRN,0
MIS12,0
MCF2L,0
FXN,0
C20orf195,0
CCDC115,0
TPD52L3,0
NUP210,0
MT2A,0
MYCBP2,0
CSF2,0
IL21,0
CKAP4,0
NASP,0
TP53RK,0
EHMT1,0
PSMD1,0
HSPA2,0
CYBB,0
SCN2A,2
ST3GAL4,0
TWF2,0
GRIN3A,0
MPPED2,0
TNFSF12,0
SPINT1,0
C6,0
ATP6V1B1,0
XPO7,0
MYCBPAP,0
PRLHR,0
CHRD,0
MED23,0
FASTK,0
CCL26,0
WDR61,0
SNAP29,0
GADD45GIP1,0
A1CF,0
ABHD4,2
SETD5,0
KRTAP3-2,0
GNPNAT1,0
CCDC7,0
SHFM1,0
ACP6,0
NDE1,0
UBLCP1,0
DOCK8,0
HECW2,0
MRPL38,0
FANCE,0
GNL3,0
TRIM25,0
BTAF1,0
MORF4L1,0
TRIM33,0
GTF2A2,0
HIST1H3A,0
SAP18,0
CLDN11,0
TRIM3,0
NCALD,2
TRIM62,0
OTUD7B,0
HPR,2
RASSF7,0
CCT4,2
MIDN,0
ADPGK,0
GTF2IRD1,0
SKIV2L,0
C1orf216,0
TRIM9,0
TRIM22,0
ZDHHC17,0
HLA-DPB1,0
PAXIP1,0
ZNF259,0
RBMX,0
NAB2,0
C14orf166,0
LMO7,2
CDH11,0
SAMD4B,0
MICALL1,0
CDX4,0
HEXIM1,0
TRIM21,0
RIN3,0
BRDT,0
TAF2,0
MICB,0
LIMA1,0
RNF8,0
TAC4,0
AMOT,0
CHD6,0
SRPK2,0
PSMB7,0
MARCKSL1,0
IL17B,0
CSRP2,0
TRIOBP,2
C16orf80,0
ZFAND5,0
SLC22A9,0
PLRG1,0
ZFP28,0
TRMT1,0
LMO1,0
ABT1,0
SOCS5,0
HERC1,0
B4GALT3,0
TRIM31,0
CTSE,0
CAND1,0
MORF4L2,0
ZFAND6,0
APOC1,0
MED27,0
IL18BP,0
CD7,0
CORO1A,2
GLYAT,0
LDB2,0
CPAMD8,0
BRI3BP,0
HSF2BP,0
RRN3,0
TIMELESS,0
ATG4B,0
SART3,0
CCL28,0
CSRP1,2
WBP5,0
KIFC2,0
NXPH3,0
IVNS1ABP,2
HPCA,0
USP5,0
MED26,0
RNF115,0
OAT,0
BRD2,0
CIAO1,0
RNF41,0
SUPT16H,0
KLHL12,0
CKMT2,0
LZTR1,0
GRID1,0
BLZF1,0
MADCAM1,0
MEFV,0
LZTS1,0
GTF2H2,0
ANKHD1,2
UPF3A,0
TRIM38,0
SNAPC2,0
IGHMBP2,0
KCNIP1,0
GTF2H4,0
MRPS12,0
ECD,0
GSC2,0
MALT1,0
GPM6A,0
TAF3,0
MFNG,0
DERL1,0
SSX3,0
TOMM34,0
UBR4,0
MED10,0
VGLL1,0
MYO9A,0
CXCL1,0
SNAPC5,0
VPS33B,0
PFDN5,0
CTSC,0
SOBP,0
SSX2,0
CDR2,0
CNP,0
MAGOH,0
IRAK3,0
TNFRSF18,0
BOC,0
LGALS13,2
LY96,0
APOD,2
MFSD3,0
SRCAP,0
TAF1A,0
MID1,0
KLHL8,2
NDUFB11,0
C1S,0
PHIP,0
KCNIP2,0
IGSF8,0
SRA1,0
TAF6L,0
TMF1,2
BAZ2B,0
ALPL,0
RAB18,0
SAG,0
NUFIP2,0
NRAP,0
GTF3C5,0
WNT5A,0
FGF10,0
PROP1,0
RPS21,0
RLN2,0
RUFY3,0
THRAP3,0
KCNIP4,0
LSR,0
PACS2,0
ARSE,0
CCDC88B,0
MTFR1,0
RNF135,2
PRF1,0
KLHL1,2
TBC1D10A,0
TAF13,0
ZFPL1,0
EFNB3,0
TNFSF15,0
FEM1A,0
GAS6,2
SETD1B,0
SUPT3H,0
C19orf25,0
LCT,0
MED16,0
UHRF2,0
BTBD3,0
RBBP9,0
SSX4,0
KLHL26,2
EGLN1,0
MYO3A,0
TCEAL1,0
INTS4,0
TRIM6,0
CFP,0
SPINK7,0
PPIE,0
RNF144A,0
TRIM13,2
PRDX2,0
TRPV1,0
ATP2B2,0
BAZ2A,0
ACAP3,0
SERPIND1,0
TRIM65,0
TNPO3,0
COL23A1,0
TRIM69,0
C1orf61,0
SPINT2,0
TRIM8,0
DENND4A,0
ECE1,0
SHARPIN,0
TTLL5,0
DDX11,0
FAM127B,0
SNAPC3,0
ASCL3,0
ZMYM5,0
LUM,0
GTF2H3,0
TRIM17,0
ZFAND3,0
NOC2L,0
TRIM16,0
HIST1H2AB,0
RNF114,2
TAF4B,0
GAS2,0
ZMYM6,0
HLA-DRB1,0
ARC,0
CASKIN1,0
WDR60,0
TIMP2,0
DMP1,0
NBL1,0
KIAA0947,0
NACC1,0
ZFR,0
USP16,0
DGKA,0
RNF141,0
CD34,0
RPL7A,0
LAMB3,2
CBX7,0
CCDC101,0
ZNHIT6,0
NAB1,0
CXCL5,0
HIST1H2BG,0
DPT,0
CLDN7,0
GUCY1A2,0
CFB,0
PELI3,0
PTTG1IP,0
CST7,0
ADNP,0
AEBP2,0
AFF1,2
AFF4,2
AHR,0
AHRR,0
AIRE,0
ALX1,0
ALX4,2
ANKZF1,2
AR,2
ARID1A,0
ARID1B,0
ARID2,2
ARID3A,2
ARID3B,0
ARID4A,2
ARID5A,0
ARNT,0
ARNT2,2
ARNTL,0
ARNTL2,0
ASCL1,0
ASCL2,0
ASH1L,0
ASH2L,0
ATF1,2
ATF2,2
ATF3,0
ATF4,2
ATF5,2
ATF6,0
ATF6B,2
ATF7,2
ATOH1,0
ATRX,0
ATXN7,0
BACH1,0
BACH2,0
BARX1,0
BARX2,0
BATF,0
BATF3,0
BCL11A,0
BCL11B,0
BCL3,0
BCL6,2
BCL6B,0
BCLAF1,0
BHLHE40,2
BHLHE41,0
BMP2,2
BNC2,0
BPTF,0
BRCA1,0
CARHSP1,0
CBFB,0
CDC5L,0
CDX1,0
CDX2,0
CEBPA,2
CEBPB,2
CEBPD,0
CEBPE,0
CEBPG,0
CEBPZ,0
CENPT,0
CIC,0
CIZ1,0
CLOCK,0
CNOT4,0
CREB1,0
CREB3,0
CREB3L1,0
CREB3L3,0
CREB3L4,0
CREB5,2
CREBBP,0
CREBZF,0
CREM,0
CRX,0
CTCF,0
CUX1,0
CUX2,0
CXXC1,0
DACH1,0
DBP,0
DDB2,0
DDIT3,2
DEAF1,0
DLX1,0
DLX2,0
DLX3,0
DLX4,0
DLX5,0
DMAP1,0
DMRTB1,0
DMTF1,0
DNAJC1,0
DNMT1,0
DNMT3A,0
DNMT3B,0
DNMT3L,0
DPF1,0
DPF2,0
DR1,0
DRAP1,0
E2F1,2
E2F2,2
E2F3,0
E2F4,0
E2F5,0
E2F6,0
E4F1,0
EBF1,0
EGR1,0
EGR2,0
EGR4,0
EHF,0
ELF1,0
ELF2,0
ELF3,0
ELF4,0
ELF5,0
ELK1,0
ELK3,0
ELK4,0
EMX2,0
EN1,0
EN2,0
ENO1,0
EOMES,0
EPAS1,2
ERF,0
ERG,0
ESR1,0
ESR2,0
ESRRA,0
ESRRB,0
ESRRG,0
ETS1,0
ETS2,0
ETV1,0
ETV3,0
ETV4,0
ETV5,2
ETV6,0
EZH1,0
EZH2,2
FIZ1,0
FLI1,0
FOS,2
FOSB,0
FOSL1,0
FOSL2,0
FOXA1,2
FOXA2,0
FOXA3,0
FOXC1,0
FOXD3,0
FOXE1,0
FOXF2,0
FOXG1,0
FOXH1,0
FOXJ3,0
FOXK2,0
FOXL1,0
FOXL2,0
FOXM1,0
FOXN3,0
FOXO1,2
FOXO3,0
FOXO4,0
FOXP1,0
FOXP2,0
FOXP3,0
FOXP4,0
FOXS1,0
FUBP1,0
FUBP3,0
GABPA,2
GABPB1,2
GATA1,0
GATA2,0
GATA3,0
GATA4,0
GATA5,0
GATA6,0
GATAD2A,0
GATAD2B,0
GCM1,0
GFI1,0
GFI1B,0
GLI1,0
GLI2,0
GLI3,0
GMEB1,0
GMEB2,0
GSC,0
GTF2I,0
GTF3A,0
HAND1,0
HAND2,0
HBP1,0
HES1,0
HES6,0
HESX1,0
HEY1,0
HEY2,0
HEYL,0
HHEX,0
HIC1,0
HIC2,0
HIF1A,2
HIF3A,0
HIVEP1,0
HIVEP2,0
HIVEP3,0
HLF,0
HLTF,0
HMG20A,0
HMG20B,0
HMGA1,0
HMGA2,0
HMGXB3,0
HMGXB4,0
HNF1A,0
HNF1B,0
HNF4A,0
HNF4G,0
HOPX,0
HOXA1,0
HOXA10,0
HOXA11,0
HOXA13,0
HOXA2,0
HOXA3,0
HOXA5,0
HOXA7,0
HOXA9,0
HOXB1,0
HOXB13,0
HOXB2,0
HOXB3,0
HOXB4,0
HOXB6,0
HOXB7,0
HOXB8,0
HOXB9,0
HOXC10,0
HOXC13,0
HOXC4,0
HOXC8,0
HOXC9,0
HOXD10,0
HOXD11,0
HOXD12,0
HOXD13,0
HOXD4,0
HOXD8,0
HOXD9,0
HSF1,0
HSF2,0
HSF4,0
HSFX1,0
ID1,0
ID2,0
ID3,0
ID4,0
IFI16,0
IKZF1,0
IKZF2,0
IKZF3,0
IKZF4,0
IKZF5,0
INSM1,0
IRF1,0
IRF2,0
IRF3,0
IRF4,0
IRF5,0
IRF7,0
IRF8,0
IRF9,0
IRX4,0
ISL1,0
ISL2,0
JARID2,0
JDP2,0
JUN,0
JUNB,0
JUND,2
KAT5,0
KCMF1,0
KCNIP3,0
KHSRP,0
KIAA1549,0
KLF1,0
KLF10,0
KLF11,0
KLF12,0
KLF13,0
KLF16,0
KLF2,0
KLF3,0
KLF4,0
KLF5,0
KLF6,0
KLF8,0
KLF9,0
L3MBTL2,0
LEF1,0
LHX1,0
LHX2,0
LHX3,0
LHX4,0
LHX9,0
LMX1A,0
LMX1B,0
LYAR,0
LYL1,0
MAF,0
MAF1,0
MAFA,0
MAFB,0
MAFF,0
MAFG,0
MAFK,0
MATR3,0
MAX,0
MAZ,0
MBD1,0
MBD2,0
MBD3,0
MBD4,0
MECP2,0
MEF2A,0
MEF2B,0
MEF2C,0
MEF2D,0
MEIS1,0
MEIS2,0
MEIS3,0
MEOX1,0
MEOX2,0
MGA,0
MIER1,0
MITF,0
MLLT1,2
MLLT10,0
MLLT3,2
MLLT4,0
MLLT6,0
MLX,0
MLXIP,0
MLXIPL,0
MNT,0
MSC,0
MSX1,0
MSX2,0
MTA1,0
MTA2,0
MTF1,0
MTF2,0
MXD1,0
MXD3,0
MXD4,0
MXI1,0
MYB,0
MYBL1,0
MYBL2,0
MYC,0
MYCN,0
MYF5,0
MYF6,0
MYOD1,0
MYOG,0
MYT1,0
MZF1,0
NCOA1,2
NCOA2,0
NCOA3,2
NCOA4,0
NCOA5,0
NCOA6,0
NCOR1,0
NCOR2,0
NEUROD1,0
NEUROD2,0
NEUROD6,0
NEUROG1,0
NEUROG2,0
NFAT5,0
NFATC1,0
NFATC2,0
NFATC3,0
NFATC4,0
NFE2,0
NFE2L1,2
NFE2L2,2
NFE2L3,0
NFIA,0
NFIB,0
NFIC,0
NFIL3,0
NFIX,0
NFKB1,2
NFKB2,0
NFKBIA,0
NFKBIB,0
NFKBIE,0
NFKBIZ,0
NFRKB,0
NFX1,0
NFYA,0
NFYB,0
NFYC,0
NHLH1,0
NHLH2,0
NKRF,0
NKX2-1,0
NKX2-2,0
NKX2-5,0
NKX3-1,0
NOC4L,0
NONO,0
NPAS2,2
NPAS4,0
NR0B1,2
NR0B2,0
NR1D1,0
NR1D2,0
NR1H2,0
NR1H3,0
NR1H4,0
NR1I2,0
NR1I3,0
NR2C1,0
NR2C2,0
NR2F1,0
NR2F2,0
NR2F6,0
NR3C1,0
NR3C2,0
NR4A1,0
NR4A2,0
NR4A3,0
NR5A1,2
NR5A2,0
NR6A1,0
NRF1,0
NRL,0
OLIG2,0
OLIG3,0
ONECUT1,0
OSR1,0
OTX1,0
OTX2,0
PARP1,0
PATZ1,0
PAWR,0
PAX1,0
PAX2,0
PAX3,0
PAX5,0
PAX6,0
PAX7,0
PAX8,0
PAX9,0
PBRM1,0
PBX1,0
PBX2,0
PBX3,0
PCBP1,0
PCBP2,0
PCGF6,0
PDX1,0
PEG3,0
PGR,0
PHB,0
PHB2,0
PHOX2A,0
PITX1,0
PITX2,0
PKNOX1,0
PKNOX2,0
PLAG1,0
PLAGL1,0
PLAGL2,0
PLEK,0
POGZ,0
POU1F1,0
POU2AF1,0
POU2F1,2
POU2F2,0
POU2F3,0
POU3F1,0
POU3F2,0
POU3F3,0
POU3F4,0
POU4F1,0
POU4F2,0
POU5F1,2
PPARA,0
PPARD,0
PPARG,0
PPP1R13L,0
PRDM1,0
PRDM16,0
PRDM2,0
PRDM4,0
PREB,0
PROX1,0
PRRX1,0
PRRX2,0
PSPC1,0
PURA,0
PURB,0
RARA,0
RARB,0
RARG,0
RAX,0
RAX2,0
RBAK,2
RBPJ,0
RCOR1,0
RCOR2,0
RCOR3,0
REL,0
RELA,2
RELB,0
RERE,0
REST,0
RFX1,0
RFX2,0
RFX3,0
RFX4,0
RFX5,0
RFX6,0
RFXANK,0
RFXAP,0
RLF,0
RORA,0
RORB,0
RORC,0
RREB1,0
RUNX1,2
RUNX1T1,0
RUNX2,2
RUNX3,0
RXRA,2
RXRB,0
RXRG,0
SALL1,0
SALL2,0
SATB1,0
SATB2,0
SCAPER,0
SETBP1,0
SFPQ,0
SHOX,0
SIM1,2
SIM2,0
SIX1,0
SIX2,0
SIX3,0
SIX4,0
SIX5,0
SIX6,0
SKI,0
SKIL,0
SMAD1,2
SMAD2,0
SMAD3,2
SMAD4,0
SMAD5,0
SMAD6,0
SMAD7,0
SMAD9,0
SMARCA1,0
SMARCA2,0
SMARCA4,0
SMARCA5,0
SMARCB1,0
SMARCC1,0
SMARCC2,0
SMARCD1,0
SMARCD3,0
SMARCE1,2
SNAI1,0
SNAPC4,0
SOX1,0
SOX10,0
SOX11,0
SOX13,0
SOX17,0
SOX18,0
SOX2,0
SOX3,0
SOX30,0
SOX4,0
SOX5,0
SOX6,0
SOX7,0
SOX8,0
SOX9,0
SP1,2
SP100,0
SP110,0
SP2,0
SP3,0
SP4,0
SPDEF,2
SPI1,2
SPIB,0
SREBF1,0
SREBF2,0
SRF,0
SSRP1,0
ST18,0
STAT1,0
STAT2,0
STAT3,0
STAT4,0
STAT5A,0
STAT5B,0
STAT6,0
TAF1,0
TAL1,0
TAX1BP1,0
TBP,0
TBPL1,0
TBR1,0
TBX19,0
TBX2,0
TBX4,0
TBX5,0
TCF12,0
TCF19,0
TCF20,0
TCF21,0
TCF25,0
TCF3,0
TCF4,2
TCF7L1,0
TCF7L2,0
TEAD1,0
TEAD2,0
TEAD3,0
TEAD4,0
TEF,0
TERF1,0
TFAM,0
TFAP2A,0
TFAP2B,0
TFAP2C,0
TFB1M,0
TFCP2,0
TFDP1,0
TFDP2,0
TFE3,0
TFEB,0
TFEC,0
TGIF1,2
TGIF2,0
THAP1,0
THAP7,0
THAP8,0
THRA,0
THRB,0
TLX1,0
TLX2,0
TLX3,0
TOE1,0
TOPORS,0
TOX4,0
TP53,0
TP63,0
TP73,0
TRERF1,0
TRPS1,0
TSC22D1,0
TSC22D3,0
TSC22D4,0
TTF1,0
TTF2,0
TUB,0
TWIST1,0
UBTF,0
UNK,0
USF1,0
USF2,0
UTF1,0
VDR,0
WIZ,0
WT1,0
XBP1,0
YBX1,0
YEATS4,0
YY1,0
ZBED1,0
ZBTB1,0
ZBTB11,0
ZBTB12,0
ZBTB16,0
ZBTB17,0
ZBTB2,0
ZBTB22,0
ZBTB24,0
ZBTB25,0
ZBTB32,0
ZBTB33,0
ZBTB43,0
ZBTB44,0
ZBTB45,0
ZBTB48,0
ZBTB5,0
ZBTB6,0
ZBTB7A,0
ZBTB7B,0
ZC3H12A,0
ZC3H15,0
ZC3H7B,0
ZEB1,0
ZEB2,0
ZFHX3,0
ZFP2,0
ZFP64,0
ZFP91,0
ZFPM1,0
ZFPM2,0
ZHX1,0
ZHX2,0
ZHX3,0
ZIC1,0
ZIC2,0
ZIC3,0
ZIC4,0
ZKSCAN1,0
ZKSCAN5,0
ZNF10,0
ZNF101,0
ZNF107,0
ZNF133,0
ZNF135,0
ZNF136,0
ZNF142,0
ZNF148,0
ZNF165,0
ZNF174,0
ZNF184,0
ZNF197,0
ZNF20,0
ZNF202,0
ZNF205,0
ZNF208,0
ZNF219,0
ZNF227,0
ZNF232,0
ZNF235,0
ZNF239,0
ZNF24,0
ZNF250,0
ZNF263,0
ZNF266,0
ZNF274,0
ZNF276,0
ZNF277,0
ZNF282,0
ZNF287,0
ZNF329,0
ZNF331,0
ZNF334,0
ZNF335,0
ZNF337,0
ZNF33B,0
ZNF341,0
ZNF346,0
ZNF350,0
ZNF354A,0
ZNF382,0
ZNF384,0
ZNF398,0
ZNF408,0
ZNF41,0
ZNF410,0
ZNF414,0
ZNF417,0
ZNF423,0
ZNF426,0
ZNF431,0
ZNF439,0
ZNF44,0
ZNF440,0
ZNF446,0
ZNF451,0
ZNF467,0
ZNF473,0
ZNF496,0
ZNF510,0
ZNF512B,0
ZNF516,0
ZNF521,0
ZNF557,0
ZNF558,0
ZNF559,0
ZNF579,0
ZNF580,0
ZNF581,0
ZNF585B,0
ZNF592,0
ZNF593,0
ZNF598,0
ZNF605,0
ZNF622,0
ZNF639,0
ZNF646,0
ZNF653,0
ZNF655,0
ZNF670,0
ZNF671,0
ZNF675,0
ZNF689,0
ZNF691,0
ZNF7,0
ZNF71,0
ZNF74,0
ZNF746,0
ZNF76,0
ZNF764,0
ZNF768,0
ZNF775,0
ZNF8,0
ZNF83,0
ZNF91,0
ZSCAN16,0
ZSCAN20,0
ZSCAN21,0
ZXDC,0
